source	type	description	text_key
Assets/XML/Terrain/CIV4TerrainInfos.xml	TERRAIN_GRASS	TXT_KEY_TERRAIN_GRASS	TXT_KEY_TERRAIN_GRASS_PEDIA
Assets/XML/Terrain/CIV4TerrainInfos.xml	TERRAIN_PLAINS	TXT_KEY_TERRAIN_PLAINS	TXT_KEY_TERRAIN_PLAINS_PEDIA
Assets/XML/Terrain/CIV4TerrainInfos.xml	TERRAIN_DESERT	TXT_KEY_TERRAIN_DESERT	TXT_KEY_TERRAIN_DESERT_PEDIA
Assets/XML/Terrain/CIV4TerrainInfos.xml	TERRAIN_MARSH	TXT_KEY_TERRAIN_MARSH	TXT_KEY_TERRAIN_MARSH_PEDIA
Assets/XML/Terrain/CIV4TerrainInfos.xml	TERRAIN_TUNDRA	TXT_KEY_TERRAIN_TUNDRA	TXT_KEY_TERRAIN_TUNDRA_PEDIA
Assets/XML/Terrain/CIV4TerrainInfos.xml	TERRAIN_SNOW	TXT_KEY_TERRAIN_ICE	TXT_KEY_TERRAIN_ICE_PEDIA
Assets/XML/Terrain/CIV4TerrainInfos.xml	TERRAIN_BURNING_SANDS	TXT_KEY_TERRAIN_BURNING_SANDS	TXT_KEY_TERRAIN_BURNING_SANDS_PEDIA
Assets/XML/Terrain/CIV4TerrainInfos.xml	TERRAIN_BROKEN_LANDS	TXT_KEY_TERRAIN_BROKEN_LANDS	TXT_KEY_TERRAIN_BROKEN_LANDS_PEDIA
Assets/XML/Terrain/CIV4TerrainInfos.xml	TERRAIN_FIELDS_OF_PERDITION	TXT_KEY_TERRAIN_FIELDS_OF_PERDITION	TXT_KEY_TERRAIN_FIELDS_OF_PERDITION_PEDIA
Assets/XML/Terrain/CIV4TerrainInfos.xml	TERRAIN_SHALLOWS	TXT_KEY_TERRAIN_SHALLOWS	TXT_KEY_TERRAIN_SHALLOWS_PEDIA
Assets/XML/Terrain/CIV4TerrainInfos.xml	TERRAIN_COAST	TXT_KEY_TERRAIN_COAST	TXT_KEY_TERRAIN_COAST_PEDIA
Assets/XML/Terrain/CIV4TerrainInfos.xml	TERRAIN_OCEAN	TXT_KEY_TERRAIN_OCEAN	TXT_KEY_TERRAIN_OCEAN_PEDIA
Assets/XML/Terrain/CIV4TerrainInfos.xml	TERRAIN_PEAK	TXT_KEY_TERRAIN_PEAK	TXT_KEY_TERRAIN_PEAK_PEDIA
Assets/XML/Terrain/CIV4TerrainInfos.xml	TERRAIN_HILL	TXT_KEY_TERRAIN_HILL	TXT_KEY_TERRAIN_HILL_PEDIA
Assets/XML/Terrain/CIV4FeatureInfos.xml	FEATURE_ICE	TXT_KEY_FEATURE_ICE	TXT_KEY_FEATURE_ICE_PEDIA
Assets/XML/Terrain/CIV4FeatureInfos.xml	FEATURE_JUNGLE	TXT_KEY_FEATURE_JUNGLE	TXT_KEY_FEATURE_JUNGLE_PEDIA
Assets/XML/Terrain/CIV4FeatureInfos.xml	FEATURE_OASIS	TXT_KEY_FEATURE_OASIS	TXT_KEY_FEATURE_OASIS_PEDIA
Assets/XML/Terrain/CIV4FeatureInfos.xml	FEATURE_FLOOD_PLAINS	TXT_KEY_FEATURE_FLOOD_PLAINS	TXT_KEY_FEATURE_FLOOD_PLAINS_PEDIA
Assets/XML/Terrain/CIV4FeatureInfos.xml	FEATURE_FOREST	TXT_KEY_FEATURE_FOREST	TXT_KEY_FEATURE_FOREST_PEDIA
Assets/XML/Terrain/CIV4FeatureInfos.xml	FEATURE_FOREST_BURNT	TXT_KEY_FEATURE_FOREST_BURNT	TXT_KEY_FEATURE_FOREST_PEDIA
Assets/XML/Terrain/CIV4FeatureInfos.xml	FEATURE_FOREST_NEW	TXT_KEY_FEATURE_FOREST_NEW	TXT_KEY_FEATURE_FOREST_PEDIA
Assets/XML/Terrain/CIV4FeatureInfos.xml	FEATURE_FALLOUT	TXT_KEY_FEATURE_FALLOUT	TXT_KEY_FEATURE_FALLOUT_PEDIA
Assets/XML/Terrain/CIV4FeatureInfos.xml	FEATURE_FOREST_ANCIENT	TXT_KEY_FEATURE_FOREST_ANCIENT	TXT_KEY_FEATURE_FOREST_ANCIENT_PEDIA
Assets/XML/Terrain/CIV4FeatureInfos.xml	FEATURE_FLAMES	TXT_KEY_FEATURE_FLAMES	TXT_KEY_FEATURE_FLAMES_PEDIA
Assets/XML/Terrain/CIV4FeatureInfos.xml	FEATURE_OBSIDIAN_PLAINS	TXT_KEY_FEATURE_OBSIDIAN_PLAINS	TXT_KEY_FEATURE_OBSIDIAN_PLAINS_PEDIA
Assets/XML/Terrain/CIV4FeatureInfos.xml	FEATURE_VOLCANO	TXT_KEY_FEATURE_VOLCANO	TXT_KEY_FEATURE_VOLCANO_PEDIA
Assets/XML/Terrain/CIV4FeatureInfos.xml	FEATURE_SCRUB	TXT_KEY_FEATURE_SCRUB	TXT_KEY_FEATURE_SCRUB_PEDIA
Assets/XML/Terrain/CIV4FeatureInfos.xml	FEATURE_BLIZZARD	TXT_KEY_FEATURE_BLIZZARD	TXT_KEY_FEATURE_BLIZZARD_PEDIA
Assets/XML/Terrain/CIV4FeatureInfos.xml	FEATURE_TORMENTED_SOULS	TXT_KEY_FEATURE_TORMENTED_SOULS	TXT_KEY_FEATURE_TORMENTED_SOULS_PEDIA
Assets/XML/Terrain/CIV4FeatureInfos.xml	FEATURE_DOOR_WEST_CLOSED	TXT_KEY_FEATURE_DOOR	TXT_KEY_FEATURE_DOOR_PEDIA
Assets/XML/Terrain/CIV4FeatureInfos.xml	FEATURE_DOOR_WEST_OPEN	TXT_KEY_FEATURE_DOOR	TXT_KEY_FEATURE_DOOR_PEDIA
Assets/XML/Terrain/CIV4FeatureInfos.xml	FEATURE_DOOR_NORTH_CLOSED	TXT_KEY_FEATURE_DOOR	TXT_KEY_FEATURE_DOOR_PEDIA
Assets/XML/Terrain/CIV4FeatureInfos.xml	FEATURE_DOOR_NORTH_OPEN	TXT_KEY_FEATURE_DOOR	TXT_KEY_FEATURE_DOOR_PEDIA
Assets/XML/Terrain/CIV4FeatureInfos.xml	FEATURE_WALLS	TXT_KEY_FEATURE_WALLS	TXT_KEY_FEATURE_WALLS_PEDIA
Assets/XML/Terrain/CIV4BonusInfos.xml	BONUS_MANA	TXT_KEY_BONUS_MANA	TXT_KEY_BONUS_MANA_PEDIA
Assets/XML/Terrain/CIV4BonusInfos.xml	BONUS_GUNPOWDER	TXT_KEY_BONUS_GUNPOWDER	TXT_KEY_BONUS_GUNPOWDER_PEDIA
Assets/XML/Terrain/CIV4BonusInfos.xml	BONUS_COPPER	TXT_KEY_BONUS_COPPER	TXT_KEY_BONUS_COPPER_PEDIA
Assets/XML/Terrain/CIV4BonusInfos.xml	BONUS_HORSE	TXT_KEY_BONUS_HORSE	TXT_KEY_BONUS_HORSE_PEDIA
Assets/XML/Terrain/CIV4BonusInfos.xml	BONUS_IRON	TXT_KEY_BONUS_IRON	TXT_KEY_BONUS_IRON_PEDIA
Assets/XML/Terrain/CIV4BonusInfos.xml	BONUS_MARBLE	TXT_KEY_BONUS_MARBLE	TXT_KEY_BONUS_MARBLE_PEDIA
Assets/XML/Terrain/CIV4BonusInfos.xml	BONUS_MANA_DEATH	TXT_KEY_BONUS_MANA_DEATH	TXT_KEY_BONUS_MANA_DEATH_PEDIA
Assets/XML/Terrain/CIV4BonusInfos.xml	BONUS_NIGHTMARE	TXT_KEY_BONUS_NIGHTMARE	TXT_KEY_BONUS_NIGHTMARE_PEDIA
Assets/XML/Terrain/CIV4BonusInfos.xml	BONUS_MANA_FIRE	TXT_KEY_BONUS_MANA_FIRE	TXT_KEY_BONUS_MANA_FIRE_PEDIA
Assets/XML/Terrain/CIV4BonusInfos.xml	BONUS_BANANA	TXT_KEY_BONUS_BANANA	TXT_KEY_BONUS_BANANA_PEDIA
Assets/XML/Terrain/CIV4BonusInfos.xml	BONUS_CLAM	TXT_KEY_BONUS_CLAM	TXT_KEY_BONUS_CLAM_PEDIA
Assets/XML/Terrain/CIV4BonusInfos.xml	BONUS_CORN	TXT_KEY_BONUS_CORN	TXT_KEY_BONUS_CORN_PEDIA
Assets/XML/Terrain/CIV4BonusInfos.xml	BONUS_COW	TXT_KEY_BONUS_COW	TXT_KEY_BONUS_COW_PEDIA
Assets/XML/Terrain/CIV4BonusInfos.xml	BONUS_CRAB	TXT_KEY_BONUS_CRAB	TXT_KEY_BONUS_CRAB_PEDIA
Assets/XML/Terrain/CIV4BonusInfos.xml	BONUS_DEER	TXT_KEY_BONUS_DEER	TXT_KEY_BONUS_DEER_PEDIA
Assets/XML/Terrain/CIV4BonusInfos.xml	BONUS_FISH	TXT_KEY_BONUS_FISH	TXT_KEY_BONUS_FISH_PEDIA
Assets/XML/Terrain/CIV4BonusInfos.xml	BONUS_PIG	TXT_KEY_BONUS_PIG	TXT_KEY_BONUS_PIG_PEDIA
Assets/XML/Terrain/CIV4BonusInfos.xml	BONUS_RICE	TXT_KEY_BONUS_RICE	TXT_KEY_BONUS_RICE_PEDIA
Assets/XML/Terrain/CIV4BonusInfos.xml	BONUS_SHEEP	TXT_KEY_BONUS_SHEEP	TXT_KEY_BONUS_SHEEP_PEDIA
Assets/XML/Terrain/CIV4BonusInfos.xml	BONUS_WHEAT	TXT_KEY_BONUS_WHEAT	TXT_KEY_BONUS_WHEAT_PEDIA
Assets/XML/Terrain/CIV4BonusInfos.xml	BONUS_DYE	TXT_KEY_BONUS_DYE	TXT_KEY_BONUS_DYE_PEDIA
Assets/XML/Terrain/CIV4BonusInfos.xml	BONUS_FUR	TXT_KEY_BONUS_FUR	TXT_KEY_BONUS_FUR_PEDIA
Assets/XML/Terrain/CIV4BonusInfos.xml	BONUS_GEMS	TXT_KEY_BONUS_GEMS	TXT_KEY_BONUS_GEMS_PEDIA
Assets/XML/Terrain/CIV4BonusInfos.xml	BONUS_GOLD	TXT_KEY_BONUS_GOLD	TXT_KEY_BONUS_GOLD_PEDIA
Assets/XML/Terrain/CIV4BonusInfos.xml	BONUS_INCENSE	TXT_KEY_BONUS_INCENSE	TXT_KEY_BONUS_INCENSE_PEDIA
Assets/XML/Terrain/CIV4BonusInfos.xml	BONUS_IVORY	TXT_KEY_BONUS_IVORY	TXT_KEY_BONUS_IVORY_PEDIA
Assets/XML/Terrain/CIV4BonusInfos.xml	BONUS_SILK	TXT_KEY_BONUS_SILK	TXT_KEY_BONUS_SILK_PEDIA
Assets/XML/Terrain/CIV4BonusInfos.xml	BONUS_MITHRIL	TXT_KEY_BONUS_MITHRIL	TXT_KEY_BONUS_MITHRIL_PEDIA
Assets/XML/Terrain/CIV4BonusInfos.xml	BONUS_REAGENTS	TXT_KEY_BONUS_REAGENTS	TXT_KEY_BONUS_REAGENTS_PEDIA
Assets/XML/Terrain/CIV4BonusInfos.xml	BONUS_SUGAR	TXT_KEY_BONUS_SUGAR	TXT_KEY_BONUS_SUGAR_PEDIA
Assets/XML/Terrain/CIV4BonusInfos.xml	BONUS_WINE	TXT_KEY_BONUS_WINE	TXT_KEY_BONUS_WINE_PEDIA
Assets/XML/Terrain/CIV4BonusInfos.xml	BONUS_WHALE	TXT_KEY_BONUS_WHALE	TXT_KEY_BONUS_WHALE_PEDIA
Assets/XML/Terrain/CIV4BonusInfos.xml	BONUS_FRUIT_OF_YGGDRASIL	TXT_KEY_BONUS_FRUIT_OF_YGGDRASIL	TXT_KEY_BONUS_FRUIT_OF_YGGDRASIL_PEDIA
Assets/XML/Terrain/CIV4BonusInfos.xml	BONUS_SHEUT_STONE	TXT_KEY_BONUS_SHEUT_STONE	TXT_KEY_BONUS_SHEUT_STONE_PEDIA
Assets/XML/Terrain/CIV4BonusInfos.xml	BONUS_TOAD	TXT_KEY_BONUS_TOAD	TXT_KEY_BONUS_TOAD_PEDIA
Assets/XML/Terrain/CIV4BonusInfos.xml	BONUS_PEARL	TXT_KEY_BONUS_PEARL	TXT_KEY_BONUS_PEARL_PEDIA
Assets/XML/Terrain/CIV4BonusInfos.xml	BONUS_MANA_AIR	TXT_KEY_BONUS_MANA_AIR	TXT_KEY_BONUS_MANA_AIR_PEDIA
Assets/XML/Terrain/CIV4BonusInfos.xml	BONUS_MANA_BODY	TXT_KEY_BONUS_MANA_BODY	TXT_KEY_BONUS_MANA_BODY_PEDIA
Assets/XML/Terrain/CIV4BonusInfos.xml	BONUS_MANA_CHAOS	TXT_KEY_BONUS_MANA_CHAOS	TXT_KEY_BONUS_MANA_CHAOS_PEDIA
Assets/XML/Terrain/CIV4BonusInfos.xml	BONUS_MANA_EARTH	TXT_KEY_BONUS_MANA_EARTH	TXT_KEY_BONUS_MANA_EARTH_PEDIA
Assets/XML/Terrain/CIV4BonusInfos.xml	BONUS_MANA_ENCHANTMENT	TXT_KEY_BONUS_MANA_ENCHANTMENT	TXT_KEY_BONUS_MANA_ENCHANTMENT_PEDIA
Assets/XML/Terrain/CIV4BonusInfos.xml	BONUS_MANA_ENTROPY	TXT_KEY_BONUS_MANA_ENTROPY	TXT_KEY_BONUS_MANA_ENTROPY_PEDIA
Assets/XML/Terrain/CIV4BonusInfos.xml	BONUS_MANA_ICE	TXT_KEY_BONUS_MANA_ICE	TXT_KEY_BONUS_MANA_ICE_PEDIA
Assets/XML/Terrain/CIV4BonusInfos.xml	BONUS_MANA_LAW	TXT_KEY_BONUS_MANA_LAW	TXT_KEY_BONUS_MANA_LAW_PEDIA
Assets/XML/Terrain/CIV4BonusInfos.xml	BONUS_MANA_LIFE	TXT_KEY_BONUS_MANA_LIFE	TXT_KEY_BONUS_MANA_LIFE_PEDIA
Assets/XML/Terrain/CIV4BonusInfos.xml	BONUS_MANA_METAMAGIC	TXT_KEY_BONUS_MANA_METAMAGIC	TXT_KEY_BONUS_MANA_METAMAGIC_PEDIA
Assets/XML/Terrain/CIV4BonusInfos.xml	BONUS_MANA_MIND	TXT_KEY_BONUS_MANA_MIND	TXT_KEY_BONUS_MANA_MIND_PEDIA
Assets/XML/Terrain/CIV4BonusInfos.xml	BONUS_MANA_NATURE	TXT_KEY_BONUS_MANA_NATURE	TXT_KEY_BONUS_MANA_NATURE_PEDIA
Assets/XML/Terrain/CIV4BonusInfos.xml	BONUS_MANA_SPIRIT	TXT_KEY_BONUS_MANA_SPIRIT	TXT_KEY_BONUS_MANA_SPIRIT_PEDIA
Assets/XML/Terrain/CIV4BonusInfos.xml	BONUS_MANA_WATER	TXT_KEY_BONUS_MANA_WATER	TXT_KEY_BONUS_MANA_WATER_PEDIA
Assets/XML/Terrain/CIV4BonusInfos.xml	BONUS_MANA_SUN	TXT_KEY_BONUS_MANA_SUN	TXT_KEY_BONUS_MANA_SUN_PEDIA
Assets/XML/Terrain/CIV4BonusInfos.xml	BONUS_MANA_SHADOW	TXT_KEY_BONUS_MANA_SHADOW	TXT_KEY_BONUS_MANA_SHADOW_PEDIA
Assets/XML/Terrain/CIV4BonusInfos.xml	BONUS_COTTON	TXT_KEY_BONUS_COTTON	TXT_KEY_BONUS_COTTON_PEDIA
Assets/XML/Terrain/CIV4BonusInfos.xml	BONUS_GULAGARM	TXT_KEY_BONUS_GULAGARM	TXT_KEY_BONUS_GULAGARM_PEDIA
Assets/XML/Terrain/CIV4BonusInfos.xml	BONUS_ALE	TXT_KEY_BONUS_ALE	TXT_KEY_BONUS_ALE_PEDIA
Assets/XML/Terrain/CIV4BonusInfos.xml	BONUS_FINE_CLOTHES	TXT_KEY_BONUS_FINE_CLOTHES	TXT_KEY_BONUS_FINE_CLOTHES_PEDIA
Assets/XML/Terrain/CIV4BonusInfos.xml	BONUS_JEWELS	TXT_KEY_BONUS_JEWELS	TXT_KEY_BONUS_JEWELS_PEDIA
Assets/XML/Terrain/CIV4BonusInfos.xml	BONUS_RAZORWEED	TXT_KEY_BONUS_RAZORWEED	TXT_KEY_BONUS_RAZORWEED_PEDIA
Assets/XML/Terrain/CIV4ImprovementInfos.xml	IMPROVEMENT_AIFON_ISLE	TXT_KEY_IMPROVEMENT_AIFON_ISLE	TXT_KEY_IMPROVEMENT_AIFON_ISLE_PEDIA
Assets/XML/Terrain/CIV4ImprovementInfos.xml	IMPROVEMENT_BARROW	TXT_KEY_IMPROVEMENT_BARROW	TXT_KEY_IMPROVEMENT_BARROW_PEDIA
Assets/XML/Terrain/CIV4ImprovementInfos.xml	IMPROVEMENT_BEAR_DEN	TXT_KEY_IMPROVEMENT_BEAR_DEN	TXT_KEY_IMPROVEMENT_BEAR_DEN_PEDIA
Assets/XML/Terrain/CIV4ImprovementInfos.xml	IMPROVEMENT_BRADELINES_WELL	TXT_KEY_IMPROVEMENT_BRADELINES_WELL	TXT_KEY_IMPROVEMENT_BRADELINES_WELL_PEDIA
Assets/XML/Terrain/CIV4ImprovementInfos.xml	IMPROVEMENT_BROKEN_SEPULCHER	TXT_KEY_IMPROVEMENT_BROKEN_SEPULCHER	TXT_KEY_IMPROVEMENT_BROKEN_SEPULCHER_PEDIA
Assets/XML/Terrain/CIV4ImprovementInfos.xml	IMPROVEMENT_CAGE	TXT_KEY_IMPROVEMENT_CAGE	
Assets/XML/Terrain/CIV4ImprovementInfos.xml	IMPROVEMENT_CAMP	TXT_KEY_IMPROVEMENT_CAMP	
Assets/XML/Terrain/CIV4ImprovementInfos.xml	IMPROVEMENT_CASTLE	TXT_KEY_IMPROVEMENT_CASTLE	
Assets/XML/Terrain/CIV4ImprovementInfos.xml	IMPROVEMENT_CITADEL	TXT_KEY_IMPROVEMENT_CITADEL	
Assets/XML/Terrain/CIV4ImprovementInfos.xml	IMPROVEMENT_CITY_RUINS	TXT_KEY_IMPROVEMENT_CITY_RUINS	
Assets/XML/Terrain/CIV4ImprovementInfos.xml	IMPROVEMENT_COTTAGE	TXT_KEY_IMPROVEMENT_COTTAGE	
Assets/XML/Terrain/CIV4ImprovementInfos.xml	IMPROVEMENT_DRAGON_BONES	TXT_KEY_IMPROVEMENT_DRAGON_BONES	TXT_KEY_IMPROVEMENT_DRAGON_BONES_PEDIA
Assets/XML/Terrain/CIV4ImprovementInfos.xml	IMPROVEMENT_DUNGEON	TXT_KEY_IMPROVEMENT_DUNGEON	TXT_KEY_IMPROVEMENT_DUNGEON_PEDIA
Assets/XML/Terrain/CIV4ImprovementInfos.xml	IMPROVEMENT_ENCLAVE	TXT_KEY_IMPROVEMENT_ENCLAVE	
Assets/XML/Terrain/CIV4ImprovementInfos.xml	IMPROVEMENT_FARM	TXT_KEY_IMPROVEMENT_FARM	
Assets/XML/Terrain/CIV4ImprovementInfos.xml	IMPROVEMENT_FISHING_BOATS	TXT_KEY_IMPROVEMENT_FISHING_BOATS	
Assets/XML/Terrain/CIV4ImprovementInfos.xml	IMPROVEMENT_FORT	TXT_KEY_IMPROVEMENT_FORT	
Assets/XML/Terrain/CIV4ImprovementInfos.xml	IMPROVEMENT_GOBLIN_FORT	TXT_KEY_IMPROVEMENT_GOBLIN_FORT	TXT_KEY_IMPROVEMENT_GOBLIN_FORT_PEDIA
Assets/XML/Terrain/CIV4ImprovementInfos.xml	IMPROVEMENT_GOODY_HUT	TXT_KEY_IMPROVEMENT_GOODY_HUT	
Assets/XML/Terrain/CIV4ImprovementInfos.xml	IMPROVEMENT_GRAVEYARD	TXT_KEY_IMPROVEMENT_GRAVEYARD	TXT_KEY_IMPROVEMENT_GRAVEYARD_PEDIA
Assets/XML/Terrain/CIV4ImprovementInfos.xml	IMPROVEMENT_GUARDIAN	TXT_KEY_IMPROVEMENT_GUARDIAN	TXT_KEY_IMPROVEMENT_GUARDIAN_PEDIA
Assets/XML/Terrain/CIV4ImprovementInfos.xml	IMPROVEMENT_HAMLET	TXT_KEY_IMPROVEMENT_HAMLET	
Assets/XML/Terrain/CIV4ImprovementInfos.xml	IMPROVEMENT_HELLFIRE	TXT_KEY_IMPROVEMENT_HELLFIRE	TXT_KEY_IMPROVEMENT_HELLFIRE_PEDIA
Assets/XML/Terrain/CIV4ImprovementInfos.xml	IMPROVEMENT_JUNGLE_ALTAR	TXT_KEY_IMPROVEMENT_JUNGLE_ALTAR	
Assets/XML/Terrain/CIV4ImprovementInfos.xml	IMPROVEMENT_LAND_WORKED	TXT_KEY_IMPROVEMENT_LAND_WORKED	TXT_KEY_IMPROVEMENT_LAND_WORKED_PEDIA
Assets/XML/Terrain/CIV4ImprovementInfos.xml	IMPROVEMENT_LETUM_FRIGUS	TXT_KEY_IMPROVEMENT_LETUM_FRIGUS	TXT_KEY_IMPROVEMENT_LETUM_FRIGUS_PEDIA
Assets/XML/Terrain/CIV4ImprovementInfos.xml	IMPROVEMENT_LION_DEN	TXT_KEY_IMPROVEMENT_LION_DEN	TXT_KEY_IMPROVEMENT_LION_DEN_PEDIA
Assets/XML/Terrain/CIV4ImprovementInfos.xml	IMPROVEMENT_LUMBERMILL	TXT_KEY_IMPROVEMENT_LUMBERMILL	
Assets/XML/Terrain/CIV4ImprovementInfos.xml	IMPROVEMENT_MAELSTROM	TXT_KEY_IMPROVEMENT_MAELSTROM	TXT_KEY_IMPROVEMENT_MAELSTROM_PEDIA
Assets/XML/Terrain/CIV4ImprovementInfos.xml	IMPROVEMENT_MANA_AIR	TXT_KEY_IMPROVEMENT_MANA_AIR	
Assets/XML/Terrain/CIV4ImprovementInfos.xml	IMPROVEMENT_MANA_BODY	TXT_KEY_IMPROVEMENT_MANA_BODY	
Assets/XML/Terrain/CIV4ImprovementInfos.xml	IMPROVEMENT_MANA_CHAOS	TXT_KEY_IMPROVEMENT_MANA_CHAOS	
Assets/XML/Terrain/CIV4ImprovementInfos.xml	IMPROVEMENT_MANA_DEATH	TXT_KEY_IMPROVEMENT_MANA_DEATH	
Assets/XML/Terrain/CIV4ImprovementInfos.xml	IMPROVEMENT_MANA_EARTH	TXT_KEY_IMPROVEMENT_MANA_EARTH	
Assets/XML/Terrain/CIV4ImprovementInfos.xml	IMPROVEMENT_MANA_ENCHANTMENT	TXT_KEY_IMPROVEMENT_MANA_ENCHANTMENT	
Assets/XML/Terrain/CIV4ImprovementInfos.xml	IMPROVEMENT_MANA_ENTROPY	TXT_KEY_IMPROVEMENT_MANA_ENTROPY	
Assets/XML/Terrain/CIV4ImprovementInfos.xml	IMPROVEMENT_MANA_FIRE	TXT_KEY_IMPROVEMENT_MANA_FIRE	
Assets/XML/Terrain/CIV4ImprovementInfos.xml	IMPROVEMENT_MANA_LAW	TXT_KEY_IMPROVEMENT_MANA_LAW	
Assets/XML/Terrain/CIV4ImprovementInfos.xml	IMPROVEMENT_MANA_LIFE	TXT_KEY_IMPROVEMENT_MANA_LIFE	
Assets/XML/Terrain/CIV4ImprovementInfos.xml	IMPROVEMENT_MANA_METAMAGIC	TXT_KEY_IMPROVEMENT_MANA_METAMAGIC	
Assets/XML/Terrain/CIV4ImprovementInfos.xml	IMPROVEMENT_MANA_MIND	TXT_KEY_IMPROVEMENT_MANA_MIND	
Assets/XML/Terrain/CIV4ImprovementInfos.xml	IMPROVEMENT_MANA_NATURE	TXT_KEY_IMPROVEMENT_MANA_NATURE	
Assets/XML/Terrain/CIV4ImprovementInfos.xml	IMPROVEMENT_MANA_SHADOW	TXT_KEY_IMPROVEMENT_MANA_SHADOW	
Assets/XML/Terrain/CIV4ImprovementInfos.xml	IMPROVEMENT_MANA_SPIRIT	TXT_KEY_IMPROVEMENT_MANA_SPIRIT	
Assets/XML/Terrain/CIV4ImprovementInfos.xml	IMPROVEMENT_MANA_SUN	TXT_KEY_IMPROVEMENT_MANA_SUN	
Assets/XML/Terrain/CIV4ImprovementInfos.xml	IMPROVEMENT_MANA_WATER	TXT_KEY_IMPROVEMENT_MANA_WATER	
Assets/XML/Terrain/CIV4ImprovementInfos.xml	IMPROVEMENT_MINE	TXT_KEY_IMPROVEMENT_MINE	
Assets/XML/Terrain/CIV4ImprovementInfos.xml	IMPROVEMENT_MIRROR_OF_HEAVEN	TXT_KEY_IMPROVEMENT_MIRROR_OF_HEAVEN	TXT_KEY_IMPROVEMENT_MIRROR_OF_HEAVEN_PEDIA
Assets/XML/Terrain/CIV4ImprovementInfos.xml	IMPROVEMENT_MONSTER_SKELETON	TXT_KEY_IMPROVEMENT_MONSTER_SKELETON	
Assets/XML/Terrain/CIV4ImprovementInfos.xml	IMPROVEMENT_MUSHROOMS	TXT_KEY_IMPROVEMENT_MUSHROOMS	
Assets/XML/Terrain/CIV4ImprovementInfos.xml	IMPROVEMENT_NECROTOTEM	TXT_KEY_IMPROVEMENT_NECROTOTEM	TXT_KEY_IMPROVEMENT_NECROTOTEM_PEDIA
Assets/XML/Terrain/CIV4ImprovementInfos.xml	IMPROVEMENT_ODIOS_PRISON	TXT_KEY_IMPROVEMENT_ODIOS_PRISON	TXT_KEY_IMPROVEMENT_ODIOS_PRISON_PEDIA
Assets/XML/Terrain/CIV4ImprovementInfos.xml	IMPROVEMENT_PASTURE	TXT_KEY_IMPROVEMENT_PASTURE	
Assets/XML/Terrain/CIV4ImprovementInfos.xml	IMPROVEMENT_PENGUINS	TXT_KEY_IMPROVEMENT_PENGUINS	
Assets/XML/Terrain/CIV4ImprovementInfos.xml	IMPROVEMENT_PIRATE_COVE	TXT_KEY_IMPROVEMENT_PIRATE_COVE	TXT_KEY_IMPROVEMENT_PIRATE_COVE_PEDIA
Assets/XML/Terrain/CIV4ImprovementInfos.xml	IMPROVEMENT_PIRATE_HARBOR	TXT_KEY_IMPROVEMENT_PIRATE_HARBOR	TXT_KEY_IMPROVEMENT_PIRATE_COVE_PEDIA
Assets/XML/Terrain/CIV4ImprovementInfos.xml	IMPROVEMENT_PIRATE_PORT	TXT_KEY_IMPROVEMENT_PIRATE_PORT	TXT_KEY_IMPROVEMENT_PIRATE_COVE_PEDIA
Assets/XML/Terrain/CIV4ImprovementInfos.xml	IMPROVEMENT_PLANTATION	TXT_KEY_IMPROVEMENT_PLANTATION	
Assets/XML/Terrain/CIV4ImprovementInfos.xml	IMPROVEMENT_POOL_OF_TEARS	TXT_KEY_IMPROVEMENT_POOL_OF_TEARS	TXT_KEY_IMPROVEMENT_POOL_OF_TEARS_PEDIA
Assets/XML/Terrain/CIV4ImprovementInfos.xml	IMPROVEMENT_PYRE_OF_THE_SERAPHIC	TXT_KEY_IMPROVEMENT_PYRE_OF_THE_SERAPHIC	TXT_KEY_IMPROVEMENT_PYRE_OF_THE_SERAPHIC_PEDIA
Assets/XML/Terrain/CIV4ImprovementInfos.xml	IMPROVEMENT_QUARRY	TXT_KEY_IMPROVEMENT_QUARRY	
Assets/XML/Terrain/CIV4ImprovementInfos.xml	IMPROVEMENT_REMNANTS_OF_PATRIA	TXT_KEY_IMPROVEMENT_REMNANTS_OF_PATRIA	TXT_KEY_IMPROVEMENT_REMNANTS_OF_PATRIA_PEDIA
Assets/XML/Terrain/CIV4ImprovementInfos.xml	IMPROVEMENT_RING_OF_CARCER	TXT_KEY_IMPROVEMENT_RING_OF_CARCER	TXT_KEY_IMPROVEMENT_RING_OF_CARCER_PEDIA
Assets/XML/Terrain/CIV4ImprovementInfos.xml	IMPROVEMENT_RUINS	TXT_KEY_IMPROVEMENT_RUINS	TXT_KEY_IMPROVEMENT_RUINS_PEDIA
Assets/XML/Terrain/CIV4ImprovementInfos.xml	IMPROVEMENT_SEVEN_PINES	TXT_KEY_IMPROVEMENT_SEVEN_PINES	TXT_KEY_IMPROVEMENT_SEVEN_PINES_PEDIA
Assets/XML/Terrain/CIV4ImprovementInfos.xml	IMPROVEMENT_SHIP_WRECK	TXT_KEY_IMPROVEMENT_SHIP_WRECK	TXT_KEY_IMPROVEMENT_SHIP_WRECK_PEDIA
Assets/XML/Terrain/CIV4ImprovementInfos.xml	IMPROVEMENT_SMOKE	TXT_KEY_IMPROVEMENT_SMOKE	TXT_KEY_IMPROVEMENT_SMOKE_PEDIA
Assets/XML/Terrain/CIV4ImprovementInfos.xml	IMPROVEMENT_SNAKE_PILLAR	TXT_KEY_IMPROVEMENT_SNAKE_PILLAR	
Assets/XML/Terrain/CIV4ImprovementInfos.xml	IMPROVEMENT_STANDING_STONES	TXT_KEY_IMPROVEMENT_STANDING_STONES	TXT_KEY_IMPROVEMENT_STANDING_STONES_PEDIA
Assets/XML/Terrain/CIV4ImprovementInfos.xml	IMPROVEMENT_TOMB_OF_SUCELLUS	TXT_KEY_IMPROVEMENT_TOMB_OF_SUCELLUS	TXT_KEY_IMPROVEMENT_TOMB_OF_SUCELLUS_PEDIA
Assets/XML/Terrain/CIV4ImprovementInfos.xml	IMPROVEMENT_TOWER	TXT_KEY_IMPROVEMENT_TOWER	TXT_KEY_IMPROVEMENT_TOWER_PEDIA
Assets/XML/Terrain/CIV4ImprovementInfos.xml	IMPROVEMENT_TOWN	TXT_KEY_IMPROVEMENT_TOWN	
Assets/XML/Terrain/CIV4ImprovementInfos.xml	IMPROVEMENT_VILLAGE	TXT_KEY_IMPROVEMENT_VILLAGE	
Assets/XML/Terrain/CIV4ImprovementInfos.xml	IMPROVEMENT_WARNING_POST	TXT_KEY_IMPROVEMENT_WARNING_POST	
Assets/XML/Terrain/CIV4ImprovementInfos.xml	IMPROVEMENT_WATER_WORKED	TXT_KEY_IMPROVEMENT_WATER_WORKED	TXT_KEY_IMPROVEMENT_WATER_WORKED_PEDIA
Assets/XML/Terrain/CIV4ImprovementInfos.xml	IMPROVEMENT_WHALING_BOATS	TXT_KEY_IMPROVEMENT_WHALING_BOATS	
Assets/XML/Terrain/CIV4ImprovementInfos.xml	IMPROVEMENT_WINDMILL	TXT_KEY_IMPROVEMENT_WINDMILL	
Assets/XML/Terrain/CIV4ImprovementInfos.xml	IMPROVEMENT_WINERY	TXT_KEY_IMPROVEMENT_WINERY	
Assets/XML/Terrain/CIV4ImprovementInfos.xml	IMPROVEMENT_WORKSHOP	TXT_KEY_IMPROVEMENT_WORKSHOP	
Assets/XML/Terrain/CIV4ImprovementInfos.xml	IMPROVEMENT_YGGDRASIL	TXT_KEY_IMPROVEMENT_YGGDRASIL	TXT_KEY_IMPROVEMENT_YGGDRASIL_PEDIA
Assets/XML/Terrain/CIV4ImprovementInfos.xml	IMPROVEMENT_PORTAL	TXT_KEY_IMPROVEMENT_PORTAL	TXT_KEY_IMPROVEMENT_PORTAL_PEDIA
Assets/XML/Civilizations/CIV4CivilizationInfos.xml	CIVILIZATION_BANNOR	TXT_KEY_CIV_BANNOR_DESC	TXT_KEY_CIV_BANNOR_PEDIA
Assets/XML/Civilizations/CIV4CivilizationInfos.xml	CIVILIZATION_MALAKIM	TXT_KEY_CIV_MALAKIM_DESC	TXT_KEY_CIV_MALAKIM_PEDIA
Assets/XML/Civilizations/CIV4CivilizationInfos.xml	CIVILIZATION_ELOHIM	TXT_KEY_CIV_ELOHIM_DESC	TXT_KEY_CIV_ELOHIM_PEDIA
Assets/XML/Civilizations/CIV4CivilizationInfos.xml	CIVILIZATION_MERCURIANS	TXT_KEY_CIV_MERCURIANS_DESC	TXT_KEY_CIV_MERCURIANS_PEDIA
Assets/XML/Civilizations/CIV4CivilizationInfos.xml	CIVILIZATION_LUCHUIRP	TXT_KEY_CIV_LUCHUIRP_DESC	TXT_KEY_CIV_LUCHUIRP_PEDIA
Assets/XML/Civilizations/CIV4CivilizationInfos.xml	CIVILIZATION_KURIOTATES	TXT_KEY_CIV_KURIOTATES_DESC	TXT_KEY_CIV_KURIOTATES_PEDIA
Assets/XML/Civilizations/CIV4CivilizationInfos.xml	CIVILIZATION_LJOSALFAR	TXT_KEY_CIV_LJOSALFAR_DESC	TXT_KEY_CIV_LJOSALFAR_PEDIA
Assets/XML/Civilizations/CIV4CivilizationInfos.xml	CIVILIZATION_KHAZAD	TXT_KEY_CIV_KHAZAD_DESC	TXT_KEY_CIV_KHAZAD_PEDIA
Assets/XML/Civilizations/CIV4CivilizationInfos.xml	CIVILIZATION_SIDAR	TXT_KEY_CIV_SIDAR_DESC	TXT_KEY_CIV_SIDAR_PEDIA
Assets/XML/Civilizations/CIV4CivilizationInfos.xml	CIVILIZATION_LANUN	TXT_KEY_CIV_LANUN_DESC	TXT_KEY_CIV_LANUN_PEDIA
Assets/XML/Civilizations/CIV4CivilizationInfos.xml	CIVILIZATION_GRIGORI	TXT_KEY_CIV_GRIGORI_DESC	TXT_KEY_CIV_GRIGORI_PEDIA
Assets/XML/Civilizations/CIV4CivilizationInfos.xml	CIVILIZATION_HIPPUS	TXT_KEY_CIV_HIPPUS_DESC	TXT_KEY_CIV_HIPPUS_PEDIA
Assets/XML/Civilizations/CIV4CivilizationInfos.xml	CIVILIZATION_AMURITES	TXT_KEY_CIV_AMURITES_DESC	TXT_KEY_CIV_AMURITES_PEDIA
Assets/XML/Civilizations/CIV4CivilizationInfos.xml	CIVILIZATION_DOVIELLO	TXT_KEY_CIV_DOVIELLO_DESC	TXT_KEY_CIV_DOVIELLO_PEDIA
Assets/XML/Civilizations/CIV4CivilizationInfos.xml	CIVILIZATION_BALSERAPHS	TXT_KEY_CIV_BALSERAPHS_DESC	TXT_KEY_CIV_BALSERAPHS_PEDIA
Assets/XML/Civilizations/CIV4CivilizationInfos.xml	CIVILIZATION_CLAN_OF_EMBERS	TXT_KEY_CIV_CLAN_OF_EMBERS_DESC	TXT_KEY_CIV_CLAN_OF_EMBERS_PEDIA
Assets/XML/Civilizations/CIV4CivilizationInfos.xml	CIVILIZATION_SVARTALFAR	TXT_KEY_CIV_SVARTALFAR_DESC	TXT_KEY_CIV_SVARTALFAR_PEDIA
Assets/XML/Civilizations/CIV4CivilizationInfos.xml	CIVILIZATION_CALABIM	TXT_KEY_CIV_CALABIM_DESC	TXT_KEY_CIV_CALABIM_PEDIA
Assets/XML/Civilizations/CIV4CivilizationInfos.xml	CIVILIZATION_SHEAIM	TXT_KEY_CIV_SHEAIM_DESC	TXT_KEY_CIV_SHEAIM_PEDIA
Assets/XML/Civilizations/CIV4CivilizationInfos.xml	CIVILIZATION_INFERNAL	TXT_KEY_CIV_INFERNAL_DESC	TXT_KEY_CIV_INFERNAL_PEDIA
Assets/XML/Civilizations/CIV4CivilizationInfos.xml	CIVILIZATION_ILLIANS	TXT_KEY_CIV_ILLIANS_DESC	TXT_KEY_CIV_ILLIANS_PEDIA
Assets/XML/Civilizations/CIV4CivilizationInfos.xml	CIVILIZATION_BARBARIAN	TXT_KEY_CIV_BARBARIAN_DESC	TXT_KEY_CIV_BARBARIAN_PEDIA
Assets/XML/Civilizations/CIV4CivilizationInfos.xml	CIVILIZATION_RANDOM	TXT_KEY_CIV_RANDOM_DESC	TXT_KEY_CIV_BARBARIAN_PEDIA
Assets/XML/Units/CIV4UnitInfos.xml	EQUIPMENT_ATHAME	TXT_KEY_EQUIPMENT_ATHAME	TXT_KEY_UNIT_PLACEHOLDER_PEDIA
Assets/XML/Units/CIV4UnitInfos.xml	EQUIPMENT_BLACK_MIRROR	TXT_KEY_EQUIPMENT_BLACK_MIRROR	TXT_KEY_UNIT_PLACEHOLDER_PEDIA
Assets/XML/Units/CIV4UnitInfos.xml	EQUIPMENT_CROWN_OF_AKHARIEN	TXT_KEY_EQUIPMENT_CROWN_OF_AKHARIEN	TXT_KEY_UNIT_PLACEHOLDER_PEDIA
Assets/XML/Units/CIV4UnitInfos.xml	EQUIPMENT_CROWN_OF_COMMAND	TXT_KEY_EQUIPMENT_CROWN_OF_COMMAND	TXT_KEY_UNIT_PLACEHOLDER_PEDIA
Assets/XML/Units/CIV4UnitInfos.xml	EQUIPMENT_DRAGONS_HORDE	TXT_KEY_EQUIPMENT_DRAGONS_HORDE	TXT_KEY_UNIT_PLACEHOLDER_PEDIA
Assets/XML/Units/CIV4UnitInfos.xml	EQUIPMENT_EMPTY_BIER	TXT_KEY_EQUIPMENT_EMPTY_BIER	TXT_KEY_UNIT_PLACEHOLDER_PEDIA
Assets/XML/Units/CIV4UnitInfos.xml	EQUIPMENT_GELA	TXT_KEY_EQUIPMENT_GELA	TXT_KEY_UNIT_PLACEHOLDER_PEDIA
Assets/XML/Units/CIV4UnitInfos.xml	EQUIPMENT_GODSLAYER	TXT_KEY_EQUIPMENT_GODSLAYER	TXT_KEY_UNIT_PLACEHOLDER_PEDIA
Assets/XML/Units/CIV4UnitInfos.xml	EQUIPMENT_GOLDEN_HAMMER	TXT_KEY_EQUIPMENT_GOLDEN_HAMMER	TXT_KEY_UNIT_PLACEHOLDER_PEDIA
Assets/XML/Units/CIV4UnitInfos.xml	EQUIPMENT_HEALING_SALVE	TXT_KEY_EQUIPMENT_HEALING_SALVE	TXT_KEY_UNIT_PLACEHOLDER_PEDIA
Assets/XML/Units/CIV4UnitInfos.xml	EQUIPMENT_INFERNAL_GRIMOIRE	TXT_KEY_EQUIPMENT_INFERNAL_GRIMOIRE	TXT_KEY_UNIT_PLACEHOLDER_PEDIA
Assets/XML/Units/CIV4UnitInfos.xml	EQUIPMENT_JADE_TORC	TXT_KEY_EQUIPMENT_JADE_TORC	TXT_KEY_UNIT_PLACEHOLDER_PEDIA
Assets/XML/Units/CIV4UnitInfos.xml	EQUIPMENT_NETHER_BLADE	TXT_KEY_EQUIPMENT_NETHER_BLADE	TXT_KEY_UNIT_PLACEHOLDER_PEDIA
Assets/XML/Units/CIV4UnitInfos.xml	EQUIPMENT_ORTHUSS_AXE	TXT_KEY_EQUIPMENT_ORTHUSS_AXE	TXT_KEY_UNIT_PLACEHOLDER_PEDIA
Assets/XML/Units/CIV4UnitInfos.xml	EQUIPMENT_PIECES_OF_BARNAXUS	TXT_KEY_EQUIPMENT_PIECES_OF_BARNAXUS	TXT_KEY_UNIT_PLACEHOLDER_PEDIA
Assets/XML/Units/CIV4UnitInfos.xml	EQUIPMENT_POTION_OF_INVISIBILITY	TXT_KEY_EQUIPMENT_POTION_OF_INVISIBILITY	TXT_KEY_UNIT_PLACEHOLDER_PEDIA
Assets/XML/Units/CIV4UnitInfos.xml	EQUIPMENT_POTION_OF_RESTORATION	TXT_KEY_EQUIPMENT_POTION_OF_RESTORATION	TXT_KEY_UNIT_PLACEHOLDER_PEDIA
Assets/XML/Units/CIV4UnitInfos.xml	EQUIPMENT_ROD_OF_WINDS	TXT_KEY_EQUIPMENT_ROD_OF_WINDS	TXT_KEY_UNIT_PLACEHOLDER_PEDIA
Assets/XML/Units/CIV4UnitInfos.xml	EQUIPMENT_SCORCHED_STAFF	TXT_KEY_EQUIPMENT_SCORCHED_STAFF	TXT_KEY_UNIT_PLACEHOLDER_PEDIA
Assets/XML/Units/CIV4UnitInfos.xml	EQUIPMENT_STAFF_OF_SOULS	TXT_KEY_EQUIPMENT_STAFF_OF_SOULS	TXT_KEY_UNIT_PLACEHOLDER_PEDIA
Assets/XML/Units/CIV4UnitInfos.xml	EQUIPMENT_SYLIVENS_PERFECT_LYRE	TXT_KEY_EQUIPMENT_SYLIVENS_PERFECT_LYRE	TXT_KEY_EQUIPMENT_SYLIVENS_PERFECT_LYRE_PEDIA
Assets/XML/Units/CIV4UnitInfos.xml	EQUIPMENT_TIMOR_MASK	TXT_KEY_EQUIPMENT_TIMOR_MASK	TXT_KEY_UNIT_PLACEHOLDER_PEDIA
Assets/XML/Units/CIV4UnitInfos.xml	EQUIPMENT_TREASURE	TXT_KEY_EQUIPMENT_TREASURE	TXT_KEY_UNIT_PLACEHOLDER_PEDIA
Assets/XML/Units/CIV4UnitInfos.xml	EQUIPMENT_WAR	TXT_KEY_EQUIPMENT_WAR	TXT_KEY_UNIT_PLACEHOLDER_PEDIA
Assets/XML/Units/CIV4UnitInfos.xml	UNIT_ABASHI	TXT_KEY_UNIT_ABASHI	TXT_KEY_UNIT_ABASHI_PEDIA
Assets/XML/Units/CIV4UnitInfos.xml	UNIT_ACHERON	TXT_KEY_UNIT_ACHERON	TXT_KEY_UNIT_ACHERON_PEDIA
Assets/XML/Units/CIV4UnitInfos.xml	UNIT_ADEPT	TXT_KEY_UNIT_ADEPT	TXT_KEY_UNIT_ADEPT_PEDIA
Assets/XML/Units/CIV4UnitInfos.xml	UNIT_IMP	TXT_KEY_UNIT_IMP	TXT_KEY_UNIT_IMP_PEDIA
Assets/XML/Units/CIV4UnitInfos.xml	UNIT_SHAMAN	TXT_KEY_UNIT_SHAMAN	TXT_KEY_UNIT_ADEPT_PEDIA
Assets/XML/Units/CIV4UnitInfos.xml	UNIT_ADVENTURER	TXT_KEY_UNIT_ADVENTURER	TXT_KEY_UNIT_PLACEHOLDER_PEDIA
Assets/XML/Units/CIV4UnitInfos.xml	UNIT_AIR_ELEMENTAL	TXT_KEY_UNIT_AIR_ELEMENTAL	TXT_KEY_UNIT_PLACEHOLDER_PEDIA
Assets/XML/Units/CIV4UnitInfos.xml	UNIT_ALAZKAN	TXT_KEY_UNIT_ALAZKAN	TXT_KEY_UNIT_ALAZKAN_PEDIA
Assets/XML/Units/CIV4UnitInfos.xml	UNIT_ANGEL	TXT_KEY_UNIT_ANGEL	TXT_KEY_UNIT_ANGEL_PEDIA
Assets/XML/Units/CIV4UnitInfos.xml	UNIT_ANGEL_OF_DEATH	TXT_KEY_UNIT_ANGEL_OF_DEATH	TXT_KEY_UNIT_ANGEL_OF_DEATH_PEDIA
Assets/XML/Units/CIV4UnitInfos.xml	UNIT_ARCANE_BARGE	TXT_KEY_UNIT_ARCANE_BARGE	TXT_KEY_UNIT_ARCANE_BARGE_PEDIA
Assets/XML/Units/CIV4UnitInfos.xml	UNIT_ARCHER	TXT_KEY_UNIT_ARCHER	TXT_KEY_UNIT_ARCHER_PEDIA
Assets/XML/Units/CIV4UnitInfos.xml	UNIT_ARCHER_SCORPION_CLAN	TXT_KEY_UNIT_ARCHER	TXT_KEY_UNIT_ARCHER_PEDIA
Assets/XML/Units/CIV4UnitInfos.xml	UNIT_DWARVEN_SLINGER	TXT_KEY_UNIT_DWARVEN_SLINGER	TXT_KEY_UNIT_PLACEHOLDER_PEDIA
Assets/XML/Units/CIV4UnitInfos.xml	UNIT_JAVELIN_THROWER	TXT_KEY_UNIT_JAVELIN_THROWER	TXT_KEY_UNIT_PLACEHOLDER_PEDIA
Assets/XML/Units/CIV4UnitInfos.xml	UNIT_ARCHMAGE	TXT_KEY_UNIT_ARCHMAGE	TXT_KEY_UNIT_ARCHMAGE_PEDIA
Assets/XML/Units/CIV4UnitInfos.xml	UNIT_EATER_OF_DREAMS	TXT_KEY_UNIT_EATER_OF_DREAMS	TXT_KEY_UNIT_PLACEHOLDER_PEDIA
Assets/XML/Units/CIV4UnitInfos.xml	UNIT_ARQUEBUS	TXT_KEY_UNIT_ARQUEBUS	TXT_KEY_UNIT_ARQUEBUS_PEDIA
Assets/XML/Units/CIV4UnitInfos.xml	UNIT_ARS	TXT_KEY_UNIT_ARS	TXT_KEY_UNIT_ARS_PEDIA
Assets/XML/Units/CIV4UnitInfos.xml	UNIT_ARTHENDAIN	TXT_KEY_UNIT_ARTHENDAIN	TXT_KEY_UNIT_ARTHENDAIN_PEDIA
Assets/XML/Units/CIV4UnitInfos.xml	UNIT_ARTIST	TXT_KEY_UNIT_GREAT_ARTIST	TXT_KEY_CONCEPT_GREAT_PEOPLE_PEDIA
Assets/XML/Units/CIV4UnitInfos.xml	UNIT_ASSASSIN	TXT_KEY_UNIT_ASSASSIN	TXT_KEY_UNIT_ASSASSIN_PEDIA
Assets/XML/Units/CIV4UnitInfos.xml	UNIT_CHANTER	TXT_KEY_UNIT_CHANTER	TXT_KEY_UNIT_PLACEHOLDER_PEDIA
Assets/XML/Units/CIV4UnitInfos.xml	UNIT_DEVOUT	TXT_KEY_UNIT_DEVOUT	TXT_KEY_UNIT_DEVOUT_PEDIA
Assets/XML/Units/CIV4UnitInfos.xml	UNIT_GHOST	TXT_KEY_UNIT_GHOST	TXT_KEY_UNIT_PLACEHOLDER_PEDIA
Assets/XML/Units/CIV4UnitInfos.xml	UNIT_LIZARDMAN_ASSASSIN	TXT_KEY_UNIT_ASSASSIN	TXT_KEY_UNIT_ASSASSIN_PEDIA
Assets/XML/Units/CIV4UnitInfos.xml	UNIT_TASKMASTER	TXT_KEY_UNIT_TASKMASTER	TXT_KEY_UNIT_TASKMASTER_PEDIA
Assets/XML/Units/CIV4UnitInfos.xml	UNIT_AUREALIS	TXT_KEY_UNIT_AUREALIS	TXT_KEY_UNIT_PLACEHOLDER_PEDIA
Assets/XML/Units/CIV4UnitInfos.xml	UNIT_AURIC	TXT_KEY_LEADER_AURIC	TXT_KEY_LEADER_AURIC_PEDIA
Assets/XML/Units/CIV4UnitInfos.xml	UNIT_AURIC_ASCENDED	TXT_KEY_UNIT_AURIC_ASCENDED	TXT_KEY_LEADER_AURIC_PEDIA
Assets/XML/Units/CIV4UnitInfos.xml	UNIT_AXEMAN	TXT_KEY_UNIT_AXEMAN	TXT_KEY_UNIT_AXEMAN_PEDIA
Assets/XML/Units/CIV4UnitInfos.xml	UNIT_MOROI	TXT_KEY_UNIT_MOROI	TXT_KEY_UNIT_MOROI_PEDIA
Assets/XML/Units/CIV4UnitInfos.xml	UNIT_PYRE_ZOMBIE	TXT_KEY_UNIT_PYRE_ZOMBIE	TXT_KEY_UNIT_PYRE_ZOMBIE_PEDIA
Assets/XML/Units/CIV4UnitInfos.xml	UNIT_SONS_OF_ASENA	TXT_KEY_UNIT_SONS_OF_ASENA	TXT_KEY_UNIT_SONS_OF_ASENA_PEDIA
Assets/XML/Units/CIV4UnitInfos.xml	UNIT_SWORDSMAN	TXT_KEY_UNIT_SWORDSMAN	TXT_KEY_UNIT_AXEMAN_PEDIA
Assets/XML/Units/CIV4UnitInfos.xml	UNIT_WOOD_GOLEM	TXT_KEY_UNIT_WOOD_GOLEM	TXT_KEY_UNIT_WOOD_GOLEM_PEDIA
Assets/XML/Units/CIV4UnitInfos.xml	UNIT_AZER	TXT_KEY_UNIT_AZER	TXT_KEY_UNIT_PLACEHOLDER_PEDIA
Assets/XML/Units/CIV4UnitInfos.xml	UNIT_BABY_SPIDER	TXT_KEY_UNIT_BABY_SPIDER	TXT_KEY_UNIT_GIANT_SPIDER_PEDIA
Assets/XML/Units/CIV4UnitInfos.xml	UNIT_BAMBUR	TXT_KEY_UNIT_BAMBUR	TXT_KEY_UNIT_BAMBUR_PEDIA
Assets/XML/Units/CIV4UnitInfos.xml	UNIT_BARNAXUS	TXT_KEY_UNIT_BARNAXUS	TXT_KEY_UNIT_BARNAXUS_PEDIA
Assets/XML/Units/CIV4UnitInfos.xml	UNIT_BASIUM	TXT_KEY_UNIT_BASIUM	TXT_KEY_LEADER_BASIUM_PEDIA
Assets/XML/Units/CIV4UnitInfos.xml	UNIT_BATTERING_RAM	TXT_KEY_UNIT_BATTERING_RAM	TXT_KEY_UNIT_PLACEHOLDER_PEDIA
Assets/XML/Units/CIV4UnitInfos.xml	UNIT_BEAR	TXT_KEY_UNIT_BEAR	TXT_KEY_UNIT_PLACEHOLDER_PEDIA
Assets/XML/Units/CIV4UnitInfos.xml	UNIT_POLAR_BEAR	TXT_KEY_UNIT_POLAR_BEAR	TXT_KEY_UNIT_PLACEHOLDER_PEDIA
Assets/XML/Units/CIV4UnitInfos.xml	UNIT_BEAST_OF_AGARES	TXT_KEY_UNIT_BEAST_OF_AGARES	TXT_KEY_UNIT_PLACEHOLDER_PEDIA
Assets/XML/Units/CIV4UnitInfos.xml	UNIT_BEASTMASTER	TXT_KEY_UNIT_BEASTMASTER	TXT_KEY_UNIT_PLACEHOLDER_PEDIA
Assets/XML/Units/CIV4UnitInfos.xml	UNIT_LIZARDMAN_BEASTMASTER	TXT_KEY_UNIT_BEASTMASTER	TXT_KEY_UNIT_PLACEHOLDER_PEDIA
Assets/XML/Units/CIV4UnitInfos.xml	UNIT_MYCONID	TXT_KEY_UNIT_MYCONID	TXT_KEY_UNIT_MYCONID_PEDIA
Assets/XML/Units/CIV4UnitInfos.xml	UNIT_SPIDERKIN	TXT_KEY_UNIT_SPIDERKIN	TXT_KEY_UNIT_SPIDERKIN_PEDIA
Assets/XML/Units/CIV4UnitInfos.xml	UNIT_BALOR	TXT_KEY_UNIT_BALOR	TXT_KEY_UNIT_BALOR_PEDIA
Assets/XML/Units/CIV4UnitInfos.xml	UNIT_BERSERKER	TXT_KEY_UNIT_BERSERKER	TXT_KEY_UNIT_PLACEHOLDER_PEDIA
Assets/XML/Units/CIV4UnitInfos.xml	UNIT_BRUJAH	TXT_KEY_UNIT_BRUJAH	TXT_KEY_UNIT_BRUJAH_PEDIA
Assets/XML/Units/CIV4UnitInfos.xml	UNIT_CIRCLE_OF_URD	TXT_KEY_UNIT_CIRCLE_OF_URD	TXT_KEY_UNIT_CIRCLE_OF_URD_PEDIA
Assets/XML/Units/CIV4UnitInfos.xml	UNIT_CLOCKWORK_GOLEM	TXT_KEY_UNIT_CLOCKWORK_GOLEM	TXT_KEY_UNIT_CLOCKWORK_GOLEM_PEDIA
Assets/XML/Units/CIV4UnitInfos.xml	UNIT_BLACK_WIND	TXT_KEY_UNIT_BLACK_WIND	TXT_KEY_UNIT_BLACK_WIND_PEDIA
Assets/XML/Units/CIV4UnitInfos.xml	UNIT_BRIGIT	TXT_KEY_UNIT_BRIGIT	TXT_KEY_UNIT_BRIGIT_PEDIA
Assets/XML/Units/CIV4UnitInfos.xml	UNIT_BRIGIT_HELD	TXT_KEY_UNIT_BRIGIT	TXT_KEY_UNIT_BRIGIT_PEDIA
Assets/XML/Units/CIV4UnitInfos.xml	UNIT_BUBOES	TXT_KEY_UNIT_BUBOES	TXT_KEY_UNIT_BUBOES_PEDIA
Assets/XML/Units/CIV4UnitInfos.xml	UNIT_CANNON	TXT_KEY_UNIT_CANNON	TXT_KEY_UNIT_CANNON_PEDIA
Assets/XML/Units/CIV4UnitInfos.xml	UNIT_DWARVEN_CANNON	TXT_KEY_UNIT_DWARVEN_CANNON	TXT_KEY_UNIT_CANNON_PEDIA
Assets/XML/Units/CIV4UnitInfos.xml	UNIT_CARAVEL	TXT_KEY_UNIT_CARAVEL	TXT_KEY_UNIT_CARAVEL_PEDIA
Assets/XML/Units/CIV4UnitInfos.xml	UNIT_CATAPULT	TXT_KEY_UNIT_CATAPULT	TXT_KEY_UNIT_CATAPULT_PEDIA
Assets/XML/Units/CIV4UnitInfos.xml	UNIT_TREBUCHET	TXT_KEY_UNIT_TREBUCHET	TXT_KEY_UNIT_CATAPULT_PEDIA
Assets/XML/Units/CIV4UnitInfos.xml	UNIT_CHALID	TXT_KEY_UNIT_CHALID	TXT_KEY_UNIT_GIBBON_PEDIA
Assets/XML/Units/CIV4UnitInfos.xml	UNIT_BATTLEMASTER	TXT_KEY_UNIT_BATTLEMASTER	TXT_KEY_UNIT_BATTLEMASTER_PEDIA
Assets/XML/Units/CIV4UnitInfos.xml	UNIT_BOARDING_PARTY	TXT_KEY_UNIT_BOARDING_PARTY	TXT_KEY_UNIT_BOARDING_PARTY_PEDIA
Assets/XML/Units/CIV4UnitInfos.xml	UNIT_CHAMPION	TXT_KEY_UNIT_CHAMPION	TXT_KEY_UNIT_PLACEHOLDER_PEDIA
Assets/XML/Units/CIV4UnitInfos.xml	UNIT_DRAGON_SLAYER	TXT_KEY_UNIT_DRAGON_SLAYER	TXT_KEY_UNIT_DRAGON_SLAYER_PEDIA
Assets/XML/Units/CIV4UnitInfos.xml	UNIT_IRON_GOLEM	TXT_KEY_UNIT_IRON_GOLEM	TXT_KEY_UNIT_IRON_GOLEM_PEDIA
Assets/XML/Units/CIV4UnitInfos.xml	UNIT_MIMIC	TXT_KEY_UNIT_MIMIC	TXT_KEY_UNIT_MIMIC_PEDIA
Assets/XML/Units/CIV4UnitInfos.xml	UNIT_OGRE	TXT_KEY_UNIT_OGRE	TXT_KEY_UNIT_PLACEHOLDER_PEDIA
Assets/XML/Units/CIV4UnitInfos.xml	UNIT_VAMPIRE	TXT_KEY_UNIT_VAMPIRE	TXT_KEY_UNIT_VAMPIRE_PEDIA
Assets/XML/Units/CIV4UnitInfos.xml	UNIT_CHAOS_MARAUDER	TXT_KEY_UNIT_CHAOS_MARAUDER	TXT_KEY_UNIT_PLACEHOLDER_PEDIA
Assets/XML/Units/CIV4UnitInfos.xml	UNIT_CENTAUR_CHARGER	TXT_KEY_UNIT_CENTAUR_CHARGER	TXT_KEY_UNIT_PLACEHOLDER_PEDIA
Assets/XML/Units/CIV4UnitInfos.xml	UNIT_CHARIOT	TXT_KEY_UNIT_CHARIOT	TXT_KEY_UNIT_CHARIOT_PEDIA
Assets/XML/Units/CIV4UnitInfos.xml	UNIT_CHARIOT_SCORPION_CLAN	TXT_KEY_UNIT_CHARIOT	TXT_KEY_UNIT_CHARIOT_PEDIA
Assets/XML/Units/CIV4UnitInfos.xml	UNIT_COMMANDER	TXT_KEY_UNIT_COMMANDER	TXT_KEY_UNIT_COMMANDER_PEDIA
Assets/XML/Units/CIV4UnitInfos.xml	UNIT_DECIUS	TXT_KEY_LEADER_DECIUS	TXT_KEY_LEADER_DECIUS_PEDIA
Assets/XML/Units/CIV4UnitInfos.xml	UNIT_CORLINDALE	TXT_KEY_UNIT_CORLINDALE	TXT_KEY_UNIT_CORLINDALE_PEDIA
Assets/XML/Units/CIV4UnitInfos.xml	UNIT_CROSSBOWMAN	TXT_KEY_UNIT_CROSSBOWMAN	TXT_KEY_UNIT_CROSSBOWMAN_PEDIA
Assets/XML/Units/CIV4UnitInfos.xml	UNIT_FLURRY	TXT_KEY_UNIT_FLURRY	TXT_KEY_UNIT_FLURRY_PEDIA
Assets/XML/Units/CIV4UnitInfos.xml	UNIT_CRUSADER	TXT_KEY_UNIT_CRUSADER	TXT_KEY_UNIT_CRUSADER_PEDIA
Assets/XML/Units/CIV4UnitInfos.xml	UNIT_DEMAGOG	TXT_KEY_UNIT_DEMAGOG	TXT_KEY_UNIT_DEMAGOG_PEDIA
Assets/XML/Units/CIV4UnitInfos.xml	UNIT_DISCIPLE_EMPYREAN	TXT_KEY_UNIT_DISCIPLE_EMPYREAN	TXT_KEY_UNIT_DISCIPLE_EMPYREAN_PEDIA
Assets/XML/Units/CIV4UnitInfos.xml	UNIT_DISCIPLE_FELLOWSHIP_OF_LEAVES	TXT_KEY_UNIT_DISCIPLE_FELLOWSHIP_OF_LEAVES	TXT_KEY_UNIT_DISCIPLE_FELLOWSHIP_OF_LEAVES_PEDIA
Assets/XML/Units/CIV4UnitInfos.xml	UNIT_DISCIPLE_OCTOPUS_OVERLORDS	TXT_KEY_UNIT_DISCIPLE_OCTOPUS_OVERLORDS	TXT_KEY_UNIT_DISCIPLE_OCTOPUS_OVERLORDS_PEDIA
Assets/XML/Units/CIV4UnitInfos.xml	UNIT_DISCIPLE_OF_ACHERON	TXT_KEY_UNIT_DISCIPLE_OF_ACHERON	TXT_KEY_UNIT_DISCIPLE_OF_ACHERON_PEDIA
Assets/XML/Units/CIV4UnitInfos.xml	UNIT_DISCIPLE_RUNES_OF_KILMORPH	TXT_KEY_UNIT_DISCIPLE_RUNES_OF_KILMORPH	TXT_KEY_UNIT_DISCIPLE_RUNES_OF_KILMORPH_PEDIA
Assets/XML/Units/CIV4UnitInfos.xml	UNIT_DISCIPLE_THE_ASHEN_VEIL	TXT_KEY_UNIT_DISCIPLE_THE_ASHEN_VEIL	TXT_KEY_UNIT_DISCIPLE_THE_ASHEN_VEIL_PEDIA
Assets/XML/Units/CIV4UnitInfos.xml	UNIT_DISCIPLE_THE_ORDER	TXT_KEY_UNIT_DISCIPLE_THE_ORDER	TXT_KEY_UNIT_DISCIPLE_THE_ORDER_PEDIA
Assets/XML/Units/CIV4UnitInfos.xml	UNIT_DISEASED_CORPSE	TXT_KEY_UNIT_DISEASED_CORPSE	TXT_KEY_UNIT_DISEASED_CORPSE_PEDIA
Assets/XML/Units/CIV4UnitInfos.xml	UNIT_DJINN	TXT_KEY_UNIT_DJINN	TXT_KEY_UNIT_DJINN_PEDIA
Assets/XML/Units/CIV4UnitInfos.xml	UNIT_DONAL	TXT_KEY_UNIT_DONAL	TXT_KEY_UNIT_DONAL_PEDIA
Assets/XML/Units/CIV4UnitInfos.xml	UNIT_DRIFA	TXT_KEY_UNIT_DRIFA	TXT_KEY_UNIT_DRIFA_PEDIA
Assets/XML/Units/CIV4UnitInfos.xml	UNIT_DROWN	TXT_KEY_UNIT_DROWN	TXT_KEY_UNIT_DROWN_PEDIA
Assets/XML/Units/CIV4UnitInfos.xml	UNIT_DRUID	TXT_KEY_UNIT_DRUID	TXT_KEY_UNIT_DRUID_PEDIA
Assets/XML/Units/CIV4UnitInfos.xml	UNIT_DWARVEN_DRUID	TXT_KEY_UNIT_DWARVEN_DRUID	TXT_KEY_UNIT_DRUID_PEDIA
Assets/XML/Units/CIV4UnitInfos.xml	UNIT_LIZARDMAN_DRUID	TXT_KEY_UNIT_DRUID	TXT_KEY_UNIT_DRUID_PEDIA
Assets/XML/Units/CIV4UnitInfos.xml	UNIT_LUONNOTAR	TXT_KEY_UNIT_LUONNOTAR	TXT_KEY_UNIT_LUONNOTAR_PEDIA
Assets/XML/Units/CIV4UnitInfos.xml	UNIT_DUIN	TXT_KEY_UNIT_DUIN	TXT_KEY_UNIT_DUIN_PEDIA
Assets/XML/Units/CIV4UnitInfos.xml	UNIT_DWARVEN_SOLDIER_RUNES	TXT_KEY_UNIT_SOLDIER_OF_KILMORPH	TXT_KEY_UNIT_SOLDIER_OF_KILMORPH_PEDIA
Assets/XML/Units/CIV4UnitInfos.xml	UNIT_EARTH_ELEMENTAL	TXT_KEY_UNIT_EARTH_ELEMENTAL	TXT_KEY_UNIT_PLACEHOLDER_PEDIA
Assets/XML/Units/CIV4UnitInfos.xml	UNIT_EIDOLON	TXT_KEY_UNIT_EIDOLON	TXT_KEY_UNIT_EIDOLON_PEDIA
Assets/XML/Units/CIV4UnitInfos.xml	UNIT_EINHERJAR	TXT_KEY_UNIT_EINHERJAR	TXT_KEY_UNIT_EINHERJAR_PEDIA
Assets/XML/Units/CIV4UnitInfos.xml	UNIT_ELEPHANT	TXT_KEY_UNIT_ELEPHANT	TXT_KEY_UNIT_PLACEHOLDER_PEDIA
Assets/XML/Units/CIV4UnitInfos.xml	UNIT_ENGINEER	TXT_KEY_UNIT_GREAT_ENGINEER	TXT_KEY_CONCEPT_GREAT_PEOPLE_PEDIA
Assets/XML/Units/CIV4UnitInfos.xml	UNIT_EURABATRES	TXT_KEY_UNIT_EURABATRES	TXT_KEY_UNIT_EURABATRES_PEDIA
Assets/XML/Units/CIV4UnitInfos.xml	UNIT_EYE	TXT_KEY_UNIT_EYE	TXT_KEY_UNIT_EYE_PEDIA
Assets/XML/Units/CIV4UnitInfos.xml	UNIT_FAWN	TXT_KEY_UNIT_FAWN	TXT_KEY_UNIT_FAWN_PEDIA
Assets/XML/Units/CIV4UnitInfos.xml	UNIT_FIRE_ELEMENTAL	TXT_KEY_UNIT_FIRE_ELEMENTAL	TXT_KEY_UNIT_FIRE_ELEMENTAL_PEDIA
Assets/XML/Units/CIV4UnitInfos.xml	UNIT_FIREBALL	TXT_KEY_UNIT_FIREBALL	TXT_KEY_UNIT_FIREBALL_PEDIA
Assets/XML/Units/CIV4UnitInfos.xml	UNIT_FLAGBEARER	TXT_KEY_UNIT_FLAGBEARER	TXT_KEY_UNIT_FLAGBEARER_PEDIA
Assets/XML/Units/CIV4UnitInfos.xml	UNIT_FLESH_GOLEM	TXT_KEY_UNIT_FLESH_GOLEM	TXT_KEY_UNIT_FLESH_GOLEM_PEDIA
Assets/XML/Units/CIV4UnitInfos.xml	UNIT_FREAK	TXT_KEY_UNIT_FREAK	TXT_KEY_UNIT_FREAK_PEDIA
Assets/XML/Units/CIV4UnitInfos.xml	UNIT_FRIGATE	TXT_KEY_UNIT_FRIGATE	TXT_KEY_UNIT_FRIGATE_PEDIA
Assets/XML/Units/CIV4UnitInfos.xml	UNIT_FROSTLING	TXT_KEY_UNIT_FROSTLING	TXT_KEY_UNIT_FROSTLING_PEDIA
Assets/XML/Units/CIV4UnitInfos.xml	UNIT_FROSTLING_ARCHER	TXT_KEY_UNIT_FROSTLING_ARCHER	TXT_KEY_UNIT_FROSTLING_PEDIA
Assets/XML/Units/CIV4UnitInfos.xml	UNIT_FROSTLING_WOLF_RIDER	TXT_KEY_UNIT_FROSTLING_WOLF_RIDER	TXT_KEY_UNIT_FROSTLING_PEDIA
Assets/XML/Units/CIV4UnitInfos.xml	UNIT_GAELAN	TXT_KEY_UNIT_GAELAN	TXT_KEY_UNIT_PLACEHOLDER_PEDIA
Assets/XML/Units/CIV4UnitInfos.xml	UNIT_GALLEON	TXT_KEY_UNIT_GALLEON	TXT_KEY_UNIT_GALLEON_PEDIA
Assets/XML/Units/CIV4UnitInfos.xml	UNIT_GALLEY	TXT_KEY_UNIT_GALLEY	TXT_KEY_UNIT_GALLEY_PEDIA
Assets/XML/Units/CIV4UnitInfos.xml	UNIT_GIANT_SPIDER	TXT_KEY_UNIT_GIANT_SPIDER	TXT_KEY_UNIT_GIANT_SPIDER_PEDIA
Assets/XML/Units/CIV4UnitInfos.xml	UNIT_GIANT_TORTOISE	TXT_KEY_UNIT_GIANT_TORTOISE	TXT_KEY_UNIT_PLACEHOLDER_PEDIA
Assets/XML/Units/CIV4UnitInfos.xml	UNIT_GIBBON	TXT_KEY_UNIT_GIBBON	TXT_KEY_UNIT_GIBBON_PEDIA
Assets/XML/Units/CIV4UnitInfos.xml	UNIT_GILDEN	TXT_KEY_UNIT_GILDEN	TXT_KEY_UNIT_GILDEN_PEDIA
Assets/XML/Units/CIV4UnitInfos.xml	UNIT_GORILLA	TXT_KEY_UNIT_GORILLA	TXT_KEY_UNIT_PLACEHOLDER_PEDIA
Assets/XML/Units/CIV4UnitInfos.xml	UNIT_GOVANNON	TXT_KEY_UNIT_GOVANNON	TXT_KEY_UNIT_GOVANNON_PEDIA
Assets/XML/Units/CIV4UnitInfos.xml	UNIT_GREATER_WEREWOLF	TXT_KEY_UNIT_GREATER_WEREWOLF	TXT_KEY_UNIT_PLACEHOLDER_PEDIA
Assets/XML/Units/CIV4UnitInfos.xml	UNIT_GRIFFON	TXT_KEY_UNIT_GRIFFON	TXT_KEY_UNIT_PLACEHOLDER_PEDIA
Assets/XML/Units/CIV4UnitInfos.xml	UNIT_GRIGORI_MEDIC	TXT_KEY_UNIT_GRIGORI_MEDIC	TXT_KEY_UNIT_GRIGORI_MEDIC_PEDIA
Assets/XML/Units/CIV4UnitInfos.xml	UNIT_GUARDIAN_VINES	TXT_KEY_UNIT_GUARDIAN_VINES	TXT_KEY_UNIT_GUARDIAN_VINES_PEDIA
Assets/XML/Units/CIV4UnitInfos.xml	UNIT_GURID	TXT_KEY_UNIT_GURID	TXT_KEY_UNIT_PLACEHOLDER_PEDIA
Assets/XML/Units/CIV4UnitInfos.xml	UNIT_GUYBRUSH	TXT_KEY_UNIT_GUYBRUSH	TXT_KEY_UNIT_GUYBRUSH_PEDIA
Assets/XML/Units/CIV4UnitInfos.xml	UNIT_HAWK	TXT_KEY_UNIT_HAWK	TXT_KEY_UNIT_HAWK_PEDIA
Assets/XML/Units/CIV4UnitInfos.xml	UNIT_HEMAH	TXT_KEY_UNIT_HEMAH	TXT_KEY_UNIT_HEMAH_PEDIA
Assets/XML/Units/CIV4UnitInfos.xml	UNIT_HERALD	TXT_KEY_UNIT_HERALD	TXT_KEY_UNIT_PLACEHOLDER_PEDIA
Assets/XML/Units/CIV4UnitInfos.xml	UNIT_HERNE	TXT_KEY_UNIT_HERNE	TXT_KEY_UNIT_PLACEHOLDER_PEDIA
Assets/XML/Units/CIV4UnitInfos.xml	UNIT_HIGH_PRIEST_OF_KILMORPH	TXT_KEY_UNIT_RUNEKEEPER	TXT_KEY_UNIT_PLACEHOLDER_PEDIA
Assets/XML/Units/CIV4UnitInfos.xml	UNIT_HIGH_PRIEST_OF_LEAVES	TXT_KEY_UNIT_HIGH_PRIEST_OF_LEAVES	TXT_KEY_UNIT_PLACEHOLDER_PEDIA
Assets/XML/Units/CIV4UnitInfos.xml	UNIT_HIGH_PRIEST_OF_THE_EMPYREAN	TXT_KEY_UNIT_HIGH_PRIEST_OF_THE_EMPYREAN	TXT_KEY_UNIT_PLACEHOLDER_PEDIA
Assets/XML/Units/CIV4UnitInfos.xml	UNIT_HIGH_PRIEST_OF_THE_ORDER	TXT_KEY_UNIT_PRIOR	TXT_KEY_UNIT_PLACEHOLDER_PEDIA
Assets/XML/Units/CIV4UnitInfos.xml	UNIT_HIGH_PRIEST_OF_THE_OVERLORDS	TXT_KEY_UNIT_SPEAKER	TXT_KEY_UNIT_PLACEHOLDER_PEDIA
Assets/XML/Units/CIV4UnitInfos.xml	UNIT_HIGH_PRIEST_OF_THE_VEIL	TXT_KEY_UNIT_PROFANE	TXT_KEY_UNIT_PLACEHOLDER_PEDIA
Assets/XML/Units/CIV4UnitInfos.xml	UNIT_HIGH_PRIEST_OF_WINTER	TXT_KEY_UNIT_HIGH_PRIEST_OF_WINTER	TXT_KEY_UNIT_PLACEHOLDER_PEDIA
Assets/XML/Units/CIV4UnitInfos.xml	UNIT_HILL_GIANT	TXT_KEY_UNIT_HILL_GIANT	TXT_KEY_UNIT_HILL_GIANT_PEDIA
Assets/XML/Units/CIV4UnitInfos.xml	UNIT_CAMEL_ARCHER	TXT_KEY_UNIT_CAMEL_ARCHER	TXT_KEY_UNIT_CAMEL_ARCHER_PEDIA
Assets/XML/Units/CIV4UnitInfos.xml	UNIT_CENTAUR_ARCHER	TXT_KEY_UNIT_CENTAUR_ARCHER	TXT_KEY_UNIT_PLACEHOLDER_PEDIA
Assets/XML/Units/CIV4UnitInfos.xml	UNIT_FYRDWELL	TXT_KEY_UNIT_FYRDWELL	TXT_KEY_UNIT_FYRDWELL_PEDIA
Assets/XML/Units/CIV4UnitInfos.xml	UNIT_HORSE_ARCHER	TXT_KEY_UNIT_HORSE_ARCHER	TXT_KEY_UNIT_HORSE_ARCHER_PEDIA
Assets/XML/Units/CIV4UnitInfos.xml	UNIT_NYXKIN	TXT_KEY_UNIT_NYXKIN	TXT_KEY_UNIT_PLACEHOLDER_PEDIA
Assets/XML/Units/CIV4UnitInfos.xml	UNIT_BOAR_RIDER	TXT_KEY_UNIT_BOAR_RIDER	TXT_KEY_UNIT_PLACEHOLDER_PEDIA
Assets/XML/Units/CIV4UnitInfos.xml	UNIT_CENTAUR	TXT_KEY_UNIT_CENTAUR	TXT_KEY_UNIT_PLACEHOLDER_PEDIA
Assets/XML/Units/CIV4UnitInfos.xml	UNIT_HORSEMAN	TXT_KEY_UNIT_HORSEMAN	TXT_KEY_UNIT_HORSEMAN_PEDIA
Assets/XML/Units/CIV4UnitInfos.xml	UNIT_WOLF_RIDER	TXT_KEY_UNIT_WOLF_RIDER	TXT_KEY_UNIT_WOLF_RIDER_PEDIA
Assets/XML/Units/CIV4UnitInfos.xml	UNIT_WOLF_RIDER_SCORPION_CLAN	TXT_KEY_UNIT_WOLF_RIDER	TXT_KEY_UNIT_WOLF_RIDER_PEDIA
Assets/XML/Units/CIV4UnitInfos.xml	UNIT_DIVIDED_SOUL	TXT_KEY_UNIT_DIVIDED_SOUL	TXT_KEY_UNIT_DIVIDED_SOUL_PEDIA
Assets/XML/Units/CIV4UnitInfos.xml	UNIT_HELLHOUND	TXT_KEY_UNIT_HELLHOUND	TXT_KEY_UNIT_HELLHOUND_PEDIA
Assets/XML/Units/CIV4UnitInfos.xml	UNIT_HUNTER	TXT_KEY_UNIT_HUNTER	TXT_KEY_UNIT_HUNTER_PEDIA
Assets/XML/Units/CIV4UnitInfos.xml	UNIT_LIZARDMAN	TXT_KEY_UNIT_LIZARDMAN	TXT_KEY_UNIT_LIZARDMAN_PEDIA
Assets/XML/Units/CIV4UnitInfos.xml	UNIT_HYBOREM	TXT_KEY_UNIT_HYBOREM	TXT_KEY_LEADER_HYBOREM_PEDIA
Assets/XML/Units/CIV4UnitInfos.xml	UNIT_ICE_ELEMENTAL	TXT_KEY_UNIT_ICE_ELEMENTAL	TXT_KEY_UNIT_PLACEHOLDER_PEDIA
Assets/XML/Units/CIV4UnitInfos.xml	UNIT_BONE_GOLEM	TXT_KEY_UNIT_BONE_GOLEM	TXT_KEY_UNIT_BONE_GOLEM_PEDIA
Assets/XML/Units/CIV4UnitInfos.xml	UNIT_IMMORTAL	TXT_KEY_UNIT_IMMORTAL	TXT_KEY_UNIT_PLACEHOLDER_PEDIA
Assets/XML/Units/CIV4UnitInfos.xml	UNIT_OGRE_WARCHIEF	TXT_KEY_UNIT_OGRE_WARCHIEF	TXT_KEY_UNIT_OGRE_WARCHIEF_PEDIA
Assets/XML/Units/CIV4UnitInfos.xml	UNIT_SKULD	TXT_KEY_UNIT_SKULD	TXT_KEY_UNIT_SKULD_PEDIA
Assets/XML/Units/CIV4UnitInfos.xml	UNIT_VAMPIRE_LORD	TXT_KEY_UNIT_VAMPIRE_LORD	TXT_KEY_UNIT_PLACEHOLDER_PEDIA
Assets/XML/Units/CIV4UnitInfos.xml	UNIT_IRA	TXT_KEY_UNIT_IRA	TXT_KEY_UNIT_PLACEHOLDER_PEDIA
Assets/XML/Units/CIV4UnitInfos.xml	UNIT_KITHRA	TXT_KEY_UNIT_KITHRA	TXT_KEY_UNIT_KITHRA_PEDIA
Assets/XML/Units/CIV4UnitInfos.xml	UNIT_BISON_RIDER	TXT_KEY_UNIT_BISON_RIDER	TXT_KEY_UNIT_KNIGHT_PEDIA
Assets/XML/Units/CIV4UnitInfos.xml	UNIT_CENTAUR_LANCER	TXT_KEY_UNIT_CENTAUR_LANCER	TXT_KEY_UNIT_PLACEHOLDER_PEDIA
Assets/XML/Units/CIV4UnitInfos.xml	UNIT_DEATH_KNIGHT	TXT_KEY_UNIT_DEATH_KNIGHT	TXT_KEY_UNIT_DEATH_KNIGHT_PEDIA
Assets/XML/Units/CIV4UnitInfos.xml	UNIT_HORNGUARD	TXT_KEY_UNIT_DWARVEN_HORNGUARD	TXT_KEY_UNIT_KNIGHT_PEDIA
Assets/XML/Units/CIV4UnitInfos.xml	UNIT_KNIGHT	TXT_KEY_UNIT_KNIGHT	TXT_KEY_UNIT_KNIGHT_PEDIA
Assets/XML/Units/CIV4UnitInfos.xml	UNIT_WAR_TORTOISE	TXT_KEY_UNIT_WAR_TORTOISE	TXT_KEY_UNIT_WAR_ELEPHANT_PEDIA
Assets/XML/Units/CIV4UnitInfos.xml	UNIT_KRAKEN	TXT_KEY_UNIT_KRAKEN	TXT_KEY_UNIT_PLACEHOLDER_PEDIA
Assets/XML/Units/CIV4UnitInfos.xml	UNIT_LEVIATHAN	TXT_KEY_UNIT_LEVIATHAN	TXT_KEY_UNIT_LEVIATHAN_PEDIA
Assets/XML/Units/CIV4UnitInfos.xml	UNIT_LICH	TXT_KEY_UNIT_LICH	TXT_KEY_UNIT_LICH_PEDIA
Assets/XML/Units/CIV4UnitInfos.xml	UNIT_LIGHTBRINGER	TXT_KEY_UNIT_LIGHTBRINGER	TXT_KEY_UNIT_LIGHTBRINGER_PEDIA
Assets/XML/Units/CIV4UnitInfos.xml	UNIT_LIGHTNING_ELEMENTAL	TXT_KEY_UNIT_LIGHTNING_ELEMENTAL	TXT_KEY_UNIT_PLACEHOLDER_PEDIA
Assets/XML/Units/CIV4UnitInfos.xml	UNIT_LION	TXT_KEY_UNIT_LION	TXT_KEY_UNIT_PLACEHOLDER_PEDIA
Assets/XML/Units/CIV4UnitInfos.xml	UNIT_LION_PRIDE	TXT_KEY_UNIT_LION_PRIDE	TXT_KEY_UNIT_PLACEHOLDER_PEDIA
Assets/XML/Units/CIV4UnitInfos.xml	UNIT_LOKI	TXT_KEY_UNIT_LOKI	TXT_KEY_UNIT_LOKI_PEDIA
Assets/XML/Units/CIV4UnitInfos.xml	UNIT_FIREBOW	TXT_KEY_UNIT_FIREBOW	TXT_KEY_UNIT_FIREBOW_PEDIA
Assets/XML/Units/CIV4UnitInfos.xml	UNIT_GARGOYLE	TXT_KEY_UNIT_GARGOYLE	TXT_KEY_UNIT_GARGOYLE_PEDIA
Assets/XML/Units/CIV4UnitInfos.xml	UNIT_LONGBOWMAN	TXT_KEY_UNIT_LONGBOWMAN	TXT_KEY_UNIT_LONGBOWMAN_PEDIA
Assets/XML/Units/CIV4UnitInfos.xml	UNIT_LOSHA	TXT_KEY_UNIT_LOSHA	TXT_KEY_UNIT_LOSHA_PEDIA
Assets/XML/Units/CIV4UnitInfos.xml	UNIT_LUCIAN	TXT_KEY_UNIT_LUCIAN	TXT_KEY_UNIT_LUCIAN_PEDIA
Assets/XML/Units/CIV4UnitInfos.xml	UNIT_LUNATIC	TXT_KEY_UNIT_LUNATIC	TXT_KEY_UNIT_PLACEHOLDER_PEDIA
Assets/XML/Units/CIV4UnitInfos.xml	UNIT_ILLUSIONIST	TXT_KEY_UNIT_ILLUSIONIST	TXT_KEY_UNIT_PLACEHOLDER_PEDIA
Assets/XML/Units/CIV4UnitInfos.xml	UNIT_MAGE	TXT_KEY_UNIT_MAGE	TXT_KEY_UNIT_PLACEHOLDER_PEDIA
Assets/XML/Units/CIV4UnitInfos.xml	UNIT_WIZARD	TXT_KEY_UNIT_WIZARD	TXT_KEY_UNIT_PLACEHOLDER_PEDIA
Assets/XML/Units/CIV4UnitInfos.xml	UNIT_MAGNADINE	TXT_KEY_UNIT_MAGNADINE	TXT_KEY_UNIT_PLACEHOLDER_PEDIA
Assets/XML/Units/CIV4UnitInfos.xml	UNIT_MAN_O_WAR	TXT_KEY_UNIT_MAN_O_WAR	TXT_KEY_UNIT_MAN_O_WAR_PEDIA
Assets/XML/Units/CIV4UnitInfos.xml	UNIT_MANES	TXT_KEY_UNIT_MANES	TXT_KEY_UNIT_MANES_PEDIA
Assets/XML/Units/CIV4UnitInfos.xml	UNIT_MANTICORE	TXT_KEY_UNIT_MANTICORE	TXT_KEY_UNIT_PLACEHOLDER_PEDIA
Assets/XML/Units/CIV4UnitInfos.xml	UNIT_MARDERO	TXT_KEY_UNIT_MARDERO	TXT_KEY_UNIT_MARDERO_PEDIA
Assets/XML/Units/CIV4UnitInfos.xml	UNIT_MARGALARD	TXT_KEY_UNIT_MARGALARD	TXT_KEY_UNIT_PLACEHOLDER_PEDIA
Assets/XML/Units/CIV4UnitInfos.xml	UNIT_MARKSMAN	TXT_KEY_UNIT_MARKSMAN	TXT_KEY_UNIT_MARKSMAN_PEDIA
Assets/XML/Units/CIV4UnitInfos.xml	UNIT_MAROS	TXT_KEY_UNIT_MAROS	TXT_KEY_UNIT_MAROS_PEDIA
Assets/XML/Units/CIV4UnitInfos.xml	UNIT_MARY	TXT_KEY_UNIT_MARY	TXT_KEY_UNIT_MARY_PEDIA
Assets/XML/Units/CIV4UnitInfos.xml	UNIT_MERCENARY	TXT_KEY_UNIT_MERCENARY	TXT_KEY_UNIT_MERCENARY_PEDIA
Assets/XML/Units/CIV4UnitInfos.xml	UNIT_MERCENARY_MOUNTED	TXT_KEY_UNIT_MERCENARY_MOUNTED	TXT_KEY_UNIT_MERCENARY_PEDIA
Assets/XML/Units/CIV4UnitInfos.xml	UNIT_MERCHANT	TXT_KEY_UNIT_GREAT_MERCHANT	TXT_KEY_CONCEPT_GREAT_PEOPLE_PEDIA
Assets/XML/Units/CIV4UnitInfos.xml	UNIT_MESHABBER	TXT_KEY_UNIT_MESHABBER	TXT_KEY_UNIT_MESHABBER_PEDIA
Assets/XML/Units/CIV4UnitInfos.xml	UNIT_METEOR	TXT_KEY_UNIT_METEOR	TXT_KEY_UNIT_PLACEHOLDER_PEDIA
Assets/XML/Units/CIV4UnitInfos.xml	UNIT_MINOTAUR	TXT_KEY_UNIT_MINOTAUR	TXT_KEY_UNIT_PLACEHOLDER_PEDIA
Assets/XML/Units/CIV4UnitInfos.xml	UNIT_MISTFORM	TXT_KEY_UNIT_MISTFORM	TXT_KEY_UNIT_PLACEHOLDER_PEDIA
Assets/XML/Units/CIV4UnitInfos.xml	UNIT_MITHRIL_GOLEM	TXT_KEY_UNIT_MITHRIL_GOLEM	TXT_KEY_UNIT_MITHRIL_GOLEM_PEDIA
Assets/XML/Units/CIV4UnitInfos.xml	UNIT_MOBIUS_WITCH	TXT_KEY_UNIT_MOBIUS_WITCH	TXT_KEY_UNIT_PLACEHOLDER_PEDIA
Assets/XML/Units/CIV4UnitInfos.xml	UNIT_MOKKA	TXT_KEY_UNIT_MOKKA	TXT_KEY_UNIT_MOKKA_PEDIA
Assets/XML/Units/CIV4UnitInfos.xml	UNIT_MONK	TXT_KEY_UNIT_MONK	TXT_KEY_UNIT_MONK_PEDIA
Assets/XML/Units/CIV4UnitInfos.xml	UNIT_MUIRIN	TXT_KEY_UNIT_MUIRIN	TXT_KEY_UNIT_PLACEHOLDER_PEDIA
Assets/XML/Units/CIV4UnitInfos.xml	UNIT_NIGHTWATCH	TXT_KEY_UNIT_NIGHTWATCH	TXT_KEY_UNIT_NIGHTWATCH_PEDIA
Assets/XML/Units/CIV4UnitInfos.xml	UNIT_OPHANIM	TXT_KEY_UNIT_OPHANIM	TXT_KEY_UNIT_PLACEHOLDER_PEDIA
Assets/XML/Units/CIV4UnitInfos.xml	UNIT_ORTHUS	TXT_KEY_UNIT_ORTHUS	TXT_KEY_UNIT_ORTHUS_PEDIA
Assets/XML/Units/CIV4UnitInfos.xml	UNIT_PALADIN	TXT_KEY_UNIT_PALADIN	TXT_KEY_UNIT_PALADIN_PEDIA
Assets/XML/Units/CIV4UnitInfos.xml	UNIT_PARAMANDER	TXT_KEY_UNIT_PARAMANDER	TXT_KEY_UNIT_PARAMANDER_PEDIA
Assets/XML/Units/CIV4UnitInfos.xml	UNIT_NULLSTONE_GOLEM	TXT_KEY_UNIT_NULLSTONE_GOLEM	TXT_KEY_UNIT_NULLSTONE_GOLEM_PEDIA
Assets/XML/Units/CIV4UnitInfos.xml	UNIT_PHALANX	TXT_KEY_UNIT_PHALANX	TXT_KEY_UNIT_PHALANX_PEDIA
Assets/XML/Units/CIV4UnitInfos.xml	UNIT_STONESKIN_OGRE	TXT_KEY_UNIT_STONESKIN_OGRE	TXT_KEY_UNIT_PLACEHOLDER_PEDIA
Assets/XML/Units/CIV4UnitInfos.xml	UNIT_VERDANDI	TXT_KEY_UNIT_VERDANDI	TXT_KEY_UNIT_VERDANDI_PEDIA
Assets/XML/Units/CIV4UnitInfos.xml	UNIT_PIT_BEAST	TXT_KEY_UNIT_PIT_BEAST	TXT_KEY_UNIT_PLACEHOLDER_PEDIA
Assets/XML/Units/CIV4UnitInfos.xml	UNIT_PRIEST_OF_KILMORPH	TXT_KEY_UNIT_PRIEST_OF_KILMORPH	TXT_KEY_UNIT_PLACEHOLDER_PEDIA
Assets/XML/Units/CIV4UnitInfos.xml	UNIT_PRIEST_OF_LEAVES	TXT_KEY_UNIT_PRIEST_OF_LEAVES	TXT_KEY_UNIT_PLACEHOLDER_PEDIA
Assets/XML/Units/CIV4UnitInfos.xml	UNIT_PRIEST_OF_THE_EMPYREAN	TXT_KEY_UNIT_PRIEST_OF_THE_EMPYREAN	TXT_KEY_UNIT_PLACEHOLDER_PEDIA
Assets/XML/Units/CIV4UnitInfos.xml	UNIT_PRIEST_OF_THE_ORDER	TXT_KEY_UNIT_PRIEST_OF_THE_ORDER	TXT_KEY_UNIT_PLACEHOLDER_PEDIA
Assets/XML/Units/CIV4UnitInfos.xml	UNIT_PRIEST_OF_THE_OVERLORDS	TXT_KEY_UNIT_PRIEST_OF_THE_OVERLORDS	TXT_KEY_UNIT_PLACEHOLDER_PEDIA
Assets/XML/Units/CIV4UnitInfos.xml	UNIT_PRIEST_OF_THE_VEIL	TXT_KEY_UNIT_PRIEST_OF_THE_VEIL	TXT_KEY_UNIT_PLACEHOLDER_PEDIA
Assets/XML/Units/CIV4UnitInfos.xml	UNIT_PRIEST_OF_WINTER	TXT_KEY_UNIT_PRIEST_OF_WINTER	TXT_KEY_UNIT_PRIEST_OF_WINTER_PEDIA
Assets/XML/Units/CIV4UnitInfos.xml	UNIT_PIRATE	TXT_KEY_UNIT_PIRATE	TXT_KEY_UNIT_PIRATE_PEDIA
Assets/XML/Units/CIV4UnitInfos.xml	UNIT_PRIVATEER	TXT_KEY_UNIT_PRIVATEER	TXT_KEY_UNIT_PLACEHOLDER_PEDIA
Assets/XML/Units/CIV4UnitInfos.xml	UNIT_PROPHET	TXT_KEY_UNIT_GREAT_PROPHET	TXT_KEY_UNIT_PROPHET_PEDIA
Assets/XML/Units/CIV4UnitInfos.xml	UNIT_PUPPET	TXT_KEY_UNIT_PUPPET	TXT_KEY_UNIT_PLACEHOLDER_PEDIA
Assets/XML/Units/CIV4UnitInfos.xml	UNIT_PUPPET_LOKI	TXT_KEY_UNIT_PUPPET	TXT_KEY_UNIT_PLACEHOLDER_PEDIA
Assets/XML/Units/CIV4UnitInfos.xml	UNIT_AIRSHIP	TXT_KEY_UNIT_AIRSHIP	TXT_KEY_UNIT_PLACEHOLDER_PEDIA
Assets/XML/Units/CIV4UnitInfos.xml	UNIT_QUEEN_OF_THE_LINE	TXT_KEY_UNIT_QUEEN_OF_THE_LINE	TXT_KEY_UNIT_QUEEN_OF_THE_LINE_PEDIA
Assets/XML/Units/CIV4UnitInfos.xml	UNIT_RADIANT_GUARD	TXT_KEY_UNIT_RADIANT_GUARD	TXT_KEY_UNIT_PLACEHOLDER_PEDIA
Assets/XML/Units/CIV4UnitInfos.xml	UNIT_HARLEQUIN	TXT_KEY_UNIT_HARLEQUIN	TXT_KEY_UNIT_HARLEQUIN_PEDIA
Assets/XML/Units/CIV4UnitInfos.xml	UNIT_LIZARDMAN_RANGER	TXT_KEY_UNIT_RANGER	TXT_KEY_UNIT_RANGER_PEDIA
Assets/XML/Units/CIV4UnitInfos.xml	UNIT_RANGER	TXT_KEY_UNIT_RANGER	TXT_KEY_UNIT_RANGER_PEDIA
Assets/XML/Units/CIV4UnitInfos.xml	UNIT_RANTINE	TXT_KEY_UNIT_RANTINE	TXT_KEY_UNIT_RANTINE_PEDIA
Assets/XML/Units/CIV4UnitInfos.xml	UNIT_RATHA	TXT_KEY_UNIT_RATHA	TXT_KEY_UNIT_RATHA_PEDIA
Assets/XML/Units/CIV4UnitInfos.xml	UNIT_RATHUS	TXT_KEY_UNIT_RATHUS	TXT_KEY_UNIT_RATHUS_PEDIA
Assets/XML/Units/CIV4UnitInfos.xml	UNIT_RAVENOUS_WEREWOLF	TXT_KEY_UNIT_RAVENOUS_WEREWOLF	TXT_KEY_UNIT_PLACEHOLDER_PEDIA
Assets/XML/Units/CIV4UnitInfos.xml	UNIT_REPENTANT_ANGEL	TXT_KEY_UNIT_REPENTANT_ANGEL	TXT_KEY_UNIT_REPENTANT_ANGEL_PEDIA
Assets/XML/Units/CIV4UnitInfos.xml	UNIT_REVELERS	TXT_KEY_UNIT_REVELERS	TXT_KEY_UNIT_REVELERS_PEDIA
Assets/XML/Units/CIV4UnitInfos.xml	UNIT_ROSIER	TXT_KEY_UNIT_ROSIER	TXT_KEY_UNIT_ROSIER_PEDIA
Assets/XML/Units/CIV4UnitInfos.xml	UNIT_ROSIER_OATHTAKER	TXT_KEY_UNIT_ROSIER_OATHTAKER	TXT_KEY_UNIT_ROSIER_PEDIA
Assets/XML/Units/CIV4UnitInfos.xml	UNIT_ROYAL_GUARD	TXT_KEY_UNIT_ROYAL_GUARD	TXT_KEY_UNIT_ROYAL_GUARD_PEDIA
Assets/XML/Units/CIV4UnitInfos.xml	UNIT_SAILORS_DIRGE	TXT_KEY_UNIT_SAILORS_DIRGE	TXT_KEY_UNIT_SAILORS_DIRGE_PEDIA
Assets/XML/Units/CIV4UnitInfos.xml	UNIT_SAND_LION	TXT_KEY_UNIT_SAND_LION	TXT_KEY_UNIT_SAND_LION_PEDIA
Assets/XML/Units/CIV4UnitInfos.xml	UNIT_SATYR	TXT_KEY_UNIT_SATYR	TXT_KEY_UNIT_SATYR_PEDIA
Assets/XML/Units/CIV4UnitInfos.xml	UNIT_SAVEROUS	TXT_KEY_UNIT_SAVEROUS	TXT_KEY_UNIT_SAVEROUS_PEDIA
Assets/XML/Units/CIV4UnitInfos.xml	UNIT_SCIENTIST	TXT_KEY_UNIT_GREAT_SCIENTIST	TXT_KEY_CONCEPT_GREAT_PEOPLE_PEDIA
Assets/XML/Units/CIV4UnitInfos.xml	UNIT_SCORPION	TXT_KEY_UNIT_SCORPION	TXT_KEY_UNIT_PLACEHOLDER_PEDIA
Assets/XML/Units/CIV4UnitInfos.xml	UNIT_GOBLIN	TXT_KEY_UNIT_GOBLIN	TXT_KEY_UNIT_GOBLIN_PEDIA
Assets/XML/Units/CIV4UnitInfos.xml	UNIT_GOBLIN_SCORPION_CLAN	TXT_KEY_UNIT_GOBLIN	TXT_KEY_UNIT_GOBLIN_PEDIA
Assets/XML/Units/CIV4UnitInfos.xml	UNIT_SCOUT	TXT_KEY_UNIT_SCOUT	TXT_KEY_UNIT_SCOUT_PEDIA
Assets/XML/Units/CIV4UnitInfos.xml	UNIT_SEA_SERPENT	TXT_KEY_UNIT_SEA_SERPENT	TXT_KEY_UNIT_PLACEHOLDER_PEDIA
Assets/XML/Units/CIV4UnitInfos.xml	UNIT_SERAPH	TXT_KEY_UNIT_SERAPH	TXT_KEY_UNIT_PLACEHOLDER_PEDIA
Assets/XML/Units/CIV4UnitInfos.xml	UNIT_SETTLER	TXT_KEY_UNIT_SETTLER	TXT_KEY_UNIT_SETTLER_PEDIA
Assets/XML/Units/CIV4UnitInfos.xml	UNIT_SEVERED_SOUL	TXT_KEY_UNIT_SEVERED_SOUL	TXT_KEY_UNIT_PLACEHOLDER_PEDIA
Assets/XML/Units/CIV4UnitInfos.xml	UNIT_SHADE	TXT_KEY_UNIT_SHADE	TXT_KEY_UNIT_PLACEHOLDER_PEDIA
Assets/XML/Units/CIV4UnitInfos.xml	UNIT_COURTESAN	TXT_KEY_UNIT_COURTESAN	TXT_KEY_UNIT_COURTESAN_PEDIA
Assets/XML/Units/CIV4UnitInfos.xml	UNIT_DWARVEN_SHADOW	TXT_KEY_UNIT_DWARVEN_SHADOW	TXT_KEY_UNIT_SHADOW_PEDIA
Assets/XML/Units/CIV4UnitInfos.xml	UNIT_SHADOW	TXT_KEY_UNIT_SHADOW	TXT_KEY_UNIT_SHADOW_PEDIA
Assets/XML/Units/CIV4UnitInfos.xml	UNIT_SHADOWRIDER	TXT_KEY_UNIT_SHADOWRIDER	TXT_KEY_UNIT_PLACEHOLDER_PEDIA
Assets/XML/Units/CIV4UnitInfos.xml	UNIT_SKELETON	TXT_KEY_UNIT_SKELETON	TXT_KEY_UNIT_PLACEHOLDER_PEDIA
Assets/XML/Units/CIV4UnitInfos.xml	UNIT_SLAVE	TXT_KEY_UNIT_SLAVE	TXT_KEY_UNIT_PLACEHOLDER_PEDIA
Assets/XML/Units/CIV4UnitInfos.xml	UNIT_SON_OF_THE_INFERNO	TXT_KEY_UNIT_SON_OF_THE_INFERNO	TXT_KEY_UNIT_DISCIPLE_OF_ACHERON_PEDIA
Assets/XML/Units/CIV4UnitInfos.xml	UNIT_SPECTRE	TXT_KEY_UNIT_SPECTRE	TXT_KEY_UNIT_PLACEHOLDER_PEDIA
Assets/XML/Units/CIV4UnitInfos.xml	UNIT_SPHENER	TXT_KEY_UNIT_SPHENER	TXT_KEY_UNIT_SPHENER_PEDIA
Assets/XML/Units/CIV4UnitInfos.xml	UNIT_STEPHANOS	TXT_KEY_UNIT_STEPHANOS	TXT_KEY_UNIT_STEPHANOS_PEDIA
Assets/XML/Units/CIV4UnitInfos.xml	UNIT_STYGIAN_GUARD	TXT_KEY_UNIT_STYGIAN_GUARD	TXT_KEY_UNIT_PLACEHOLDER_PEDIA
Assets/XML/Units/CIV4UnitInfos.xml	UNIT_SUCCUBUS	TXT_KEY_UNIT_SUCCUBUS	TXT_KEY_UNIT_PLACEHOLDER_PEDIA
Assets/XML/Units/CIV4UnitInfos.xml	UNIT_SUPPLIES	TXT_KEY_UNIT_SUPPLIES	TXT_KEY_UNIT_PLACEHOLDER_PEDIA
Assets/XML/Units/CIV4UnitInfos.xml	UNIT_TAR_DEMON	TXT_KEY_UNIT_TAR_DEMON	TXT_KEY_UNIT_TAR_DEMON_PEDIA
Assets/XML/Units/CIV4UnitInfos.xml	UNIT_TEUTORIX	TXT_KEY_UNIT_TEUTORIX	TXT_KEY_UNIT_PLACEHOLDER_PEDIA
Assets/XML/Units/CIV4UnitInfos.xml	UNIT_TIGER	TXT_KEY_UNIT_TIGER	TXT_KEY_UNIT_PLACEHOLDER_PEDIA
Assets/XML/Units/CIV4UnitInfos.xml	UNIT_TREANT	TXT_KEY_UNIT_TREANT	TXT_KEY_UNIT_TREANT_PEDIA
Assets/XML/Units/CIV4UnitInfos.xml	UNIT_TRIREME	TXT_KEY_UNIT_TRIREME	TXT_KEY_UNIT_TRIREME_PEDIA
Assets/XML/Units/CIV4UnitInfos.xml	UNIT_TUMTUM	TXT_KEY_UNIT_TUMTUM	TXT_KEY_UNIT_TUMTUM_PEDIA
Assets/XML/Units/CIV4UnitInfos.xml	UNIT_VALIN	TXT_KEY_UNIT_VALIN	TXT_KEY_UNIT_VALIN_PEDIA
Assets/XML/Units/CIV4UnitInfos.xml	UNIT_VALKYRIE	TXT_KEY_UNIT_VALKYRIE	TXT_KEY_UNIT_PLACEHOLDER_PEDIA
Assets/XML/Units/CIV4UnitInfos.xml	UNIT_WAR_ELEPHANT	TXT_KEY_UNIT_WAR_ELEPHANT	TXT_KEY_UNIT_WAR_ELEPHANT_PEDIA
Assets/XML/Units/CIV4UnitInfos.xml	UNIT_WAR_MACHINE	TXT_KEY_UNIT_WAR_MACHINE	TXT_KEY_UNIT_WAR_MACHINE_PEDIA
Assets/XML/Units/CIV4UnitInfos.xml	UNIT_BEASTMAN	TXT_KEY_UNIT_BEASTMAN	TXT_KEY_UNIT_WARRIOR_PEDIA
Assets/XML/Units/CIV4UnitInfos.xml	UNIT_BLOODPET	TXT_KEY_UNIT_BLOODPET	TXT_KEY_UNIT_BLOODPET_PEDIA
Assets/XML/Units/CIV4UnitInfos.xml	UNIT_WARRIOR	TXT_KEY_UNIT_WARRIOR	TXT_KEY_UNIT_WARRIOR_PEDIA
Assets/XML/Units/CIV4UnitInfos.xml	UNIT_WATER_ELEMENTAL	TXT_KEY_UNIT_WATER_ELEMENTAL	TXT_KEY_UNIT_WATER_ELEMENTAL_PEDIA
Assets/XML/Units/CIV4UnitInfos.xml	UNIT_WEREWOLF	TXT_KEY_UNIT_WEREWOLF	TXT_KEY_UNIT_PLACEHOLDER_PEDIA
Assets/XML/Units/CIV4UnitInfos.xml	UNIT_WILBOMAN	TXT_KEY_UNIT_WILBOMAN	TXT_KEY_UNIT_WILBOMAN_PEDIA
Assets/XML/Units/CIV4UnitInfos.xml	UNIT_WOLF	TXT_KEY_UNIT_WOLF	TXT_KEY_UNIT_PLACEHOLDER_PEDIA
Assets/XML/Units/CIV4UnitInfos.xml	UNIT_WOLF_PACK	TXT_KEY_UNIT_WOLF_PACK	TXT_KEY_UNIT_PLACEHOLDER_PEDIA
Assets/XML/Units/CIV4UnitInfos.xml	UNIT_WORKBOAT	TXT_KEY_UNIT_WORK_BOAT	TXT_KEY_UNIT_WORK_BOAT_PEDIA
Assets/XML/Units/CIV4UnitInfos.xml	UNIT_MUD_GOLEM	TXT_KEY_UNIT_MUD_GOLEM	TXT_KEY_UNIT_MUD_GOLEM_PEDIA
Assets/XML/Units/CIV4UnitInfos.xml	UNIT_WORKER	TXT_KEY_UNIT_WORKER	TXT_KEY_UNIT_WORKER_PEDIA
Assets/XML/Units/CIV4UnitInfos.xml	UNIT_WRAITH	TXT_KEY_UNIT_WRAITH	TXT_KEY_UNIT_WRAITH_PEDIA
Assets/XML/Units/CIV4UnitInfos.xml	UNIT_WRATH	TXT_KEY_UNIT_WRATH	TXT_KEY_UNIT_WRATH_PEDIA
Assets/XML/Units/CIV4UnitInfos.xml	UNIT_YERSINIA	TXT_KEY_UNIT_YERSINIA	TXT_KEY_UNIT_YERSINIA_PEDIA
Assets/XML/Units/CIV4UnitInfos.xml	UNIT_YVAIN	TXT_KEY_UNIT_YVAIN	TXT_KEY_UNIT_YVAIN_PEDIA
